tree_id,node_id,is_leave,split_feature,threshold,children,correctPredictions,correctPredictionsClassesCounts,wrongPredictions
0,0,False,"flipper_length_mm",206.50,"1;8",283,"2;121;1;19;0;143","61;0;1;9;2;1;1;0;2;1;0;49"
0,1,False,"island",0.50,"2;3",157,"0;143;1;14","58;0;1;7;1;0;49;2;0;2"
0,2,True,"","","",44,"0;44","2;2;0;2"
0,3,False,"island",1.50,"4;7",113,"0;99;1;14","56;0;1;7;1;0;49"
0,4,False,"bill_depth_mm",19.35,"5;6",62,"1;14;0;48","56;0;1;7;1;0;49"
0,5,True,"","","",48,"0;48","49;1;0;49"
0,6,True,"","","",14,"1;14","7;0;1;7"
0,7,True,"","","",51,"0;51","0"
0,8,False,"body_mass_g",4075.00,"9;10",126,"2;121;1;5","3;0;1;2;2;1;1"
0,9,True,"","","",2,"1;2","2;0;1;1;2;1;1"
0,10,False,"bill_length_mm",51.65,"11;14",124,"2;121;1;3","1;0;1;1"
0,11,False,"island",0.50,"12;13",115,"1;2;2;113","1;0;1;1"
0,12,True,"","","",113,"2;113","0"
0,13,True,"","","",2,"1;2","1;0;1;1"
0,14,False,"bill_length_mm",52.05,"15;16",9,"2;8;1;1","0"
0,15,True,"","","",1,"1;1","0"
0,16,True,"","","",8,"2;8","0"
1,0,False,"bill_depth_mm",15.95,"1;4",288,"2;123;0;97;1;68","56;0;1;55;2;0;1"
1,1,False,"body_mass_g",3625.00,"2;3",103,"2;101;0;2","0"
1,2,True,"","","",2,"0;2","0"
1,3,True,"","","",101,"2;101","0"
1,4,False,"body_mass_g",5025.00,"5;10",185,"2;22;0;95;1;68","56;0;1;55;2;0;1"
1,5,False,"island",0.50,"6;7",163,"0;95;1;68","56;0;1;55;2;0;1"
1,6,True,"","","",44,"0;44","1;2;0;1"
1,7,False,"island",1.50,"8;9",119,"0;51;1;68","55;0;1;55"
1,8,True,"","","",68,"1;68","55;0;1;55"
1,9,True,"","","",51,"0;51","0"
1,10,True,"","","",22,"2;22","0"
2,0,False,"flipper_length_mm",207.00,"1;14",321,"1;52;0;148;2;121","23;0;1;4;1;0;16;2;0;2;1;1"
2,1,False,"body_mass_g",3312.50,"2;7",195,"0;147;1;48","22;1;0;16;2;0;2;1;1;0;1;3"
2,2,False,"flipper_length_mm",186.50,"3;4",32,"0;32","8;1;0;8"
2,3,True,"","","",16,"0;16","1;1;0;1"
2,4,False,"bill_depth_mm",16.85,"5;6",16,"0;16","7;1;0;7"
2,5,True,"","","",3,"0;3","4;1;0;4"
2,6,True,"","","",13,"0;13","3;1;0;3"
2,7,False,"bill_length_mm",43.30,"8;11",163,"0;115;1;48","14;1;0;8;2;0;2;1;1;0;1;3"
2,8,False,"sex",0.50,"9;10",113,"0;113","3;1;0;3"
2,9,True,"","","",43,"0;43","3;1;0;3"
2,10,True,"","","",70,"0;70","0"
2,11,False,"body_mass_g",4275.00,"12;13",50,"0;2;1;48","11;1;0;5;2;0;2;1;1;0;1;3"
2,12,True,"","","",48,"1;48","4;0;1;3;2;1;1"
2,13,True,"","","",2,"0;2","7;1;0;5;2;0;2"
2,14,False,"island",0.50,"15;16",126,"1;4;0;1;2;121","1;0;1;1"
2,15,True,"","","",121,"2;121","0"
2,16,False,"flipper_length_mm",209.00,"17;18",5,"1;4;0;1","1;0;1;1"
2,17,True,"","","",1,"0;1","0"
2,18,True,"","","",4,"1;4","1;0;1;1"
3,0,False,"bill_depth_mm",16.15,"1;4",333,"2;123;1;63;0;147","11;0;1;5;1;0;5;2;0;1"
3,1,False,"flipper_length_mm",198.00,"2;3",113,"2;108;0;5","0"
3,2,True,"","","",5,"0;5","0"
3,3,True,"","","",108,"2;108","0"
3,4,False,"body_mass_g",4975.00,"5;10",220,"2;15;1;63;0;142","11;0;1;5;1;0;5;2;0;1"
3,5,False,"island",0.50,"6;7",205,"1;63;0;142","11;0;1;5;1;0;5;2;0;1"
3,6,True,"","","",43,"0;43","1;2;0;1"
3,7,False,"bill_length_mm",43.35,"8;9",162,"1;63;0;99","10;0;1;5;1;0;5"
3,8,True,"","","",99,"0;99","5;1;0;5"
3,9,True,"","","",63,"1;63","5;0;1;5"
3,10,True,"","","",15,"2;15","0"
4,0,False,"island",0.50,"1;8",332,"0;142;1;66;2;124","12;1;0;2;0;1;7;2;3"
4,1,False,"flipper_length_mm",196.00,"2;3",165,"2;124;0;41","3;0;2;3"
4,2,True,"","","",38,"0;38","0"
4,3,False,"flipper_length_mm",203.00,"4;7",127,"2;124;0;3","3;0;2;3"
4,4,False,"bill_length_mm",41.52,"5;6",5,"2;2;0;3","3;0;2;3"
4,5,True,"","","",3,"0;3","0"
4,6,True,"","","",2,"2;2","3;0;2;3"
4,7,True,"","","",122,"2;122","0"
4,8,False,"bill_length_mm",42.85,"9;14",167,"0;101;1;66","9;1;0;2;0;1;7"
4,9,False,"flipper_length_mm",187.50,"10;13",103,"0;100;1;3","1;1;0;1"
4,10,False,"bill_length_mm",42.35,"11;12",38,"1;3;0;35","1;1;0;1"
4,11,True,"","","",35,"0;35","1;1;0;1"
4,12,True,"","","",3,"1;3","0"
4,13,True,"","","",65,"0;65","0"
4,14,False,"bill_depth_mm",20.75,"15;16",64,"0;1;1;63","8;1;0;1;0;1;7"
4,15,True,"","","",63,"1;63","7;0;1;7"
4,16,True,"","","",1,"0;1","1;1;0;1"
5,0,False,"bill_length_mm",43.35,"1;8",339,"1;66;0;149;2;124","5;0;1;2;2;1;1;0;2"
5,1,False,"bill_depth_mm",15.25,"2;3",159,"0;146;1;3;2;10","2;1;0;2"
5,2,True,"","","",10,"2;10","0"
5,3,False,"bill_length_mm",42.40,"4;5",149,"0;146;1;3","2;1;0;2"
5,4,True,"","","",139,"0;139","1;1;0;1"
5,5,False,"body_mass_g",3425.00,"6;7",10,"0;7;1;3","1;1;0;1"
5,6,True,"","","",3,"1;3","0"
5,7,True,"","","",7,"0;7","1;1;0;1"
5,8,False,"island",0.50,"9;10",180,"1;63;0;3;2;114","3;0;1;2;2;1"
5,9,True,"","","",114,"2;114","1;0;2;1"
5,10,False,"bill_length_mm",44.75,"11;14",66,"1;63;0;3","2;0;1;2"
5,11,False,"bill_length_mm",43.80,"12;13",4,"0;3;1;1","0"
5,12,True,"","","",1,"1;1","0"
5,13,True,"","","",3,"0;3","0"
5,14,True,"","","",62,"1;62","2;0;1;2"
6,0,False,"bill_depth_mm",16.30,"1;2",328,"2;123;1;62;0;143","16;0;1;3;2;6;2;0;1;1;0;6"
6,1,True,"","","",114,"2;114","6;0;2;6"
6,2,False,"body_mass_g",4975.00,"3;10",214,"2;9;1;62;0;143","10;0;1;3;2;0;1;1;0;6"
6,3,False,"bill_length_mm",44.75,"4;7",205,"1;62;0;143","10;0;1;3;2;0;1;1;0;6"
6,4,False,"sex",0.50,"5;6",143,"0;143","7;2;0;1;1;0;6"
6,5,True,"","","",67,"0;67","6;1;0;6"
6,6,True,"","","",76,"0;76","1;2;0;1"
6,7,False,"bill_length_mm",45.80,"8;9",62,"1;62","3;0;1;3"
6,8,True,"","","",7,"1;7","2;0;1;2"
6,9,True,"","","",55,"1;55","1;0;1;1"
6,10,True,"","","",9,"2;9","0"
7,0,False,"island",0.50,"1;10",323,"0;139;1;60;2;124","21;1;0;8;0;1;13"
7,1,False,"bill_depth_mm",17.15,"2;5",168,"0;44;2;124","0"
7,2,False,"bill_length_mm",39.65,"3;4",129,"2;121;0;8","0"
7,3,True,"","","",8,"0;8","0"
7,4,True,"","","",121,"2;121","0"
7,5,False,"bill_length_mm",43.58,"6;7",39,"0;36;2;3","0"
7,6,True,"","","",35,"0;35","0"
7,7,False,"bill_depth_mm",18.80,"8;9",4,"0;1;2;3","0"
7,8,True,"","","",3,"2;3","0"
7,9,True,"","","",1,"0;1","0"
7,10,False,"island",1.50,"11;18",155,"0;95;1;60","21;1;0;8;0;1;13"
7,11,False,"flipper_length_mm",193.50,"12;15",103,"0;43;1;60","21;1;0;8;0;1;13"
7,12,False,"bill_length_mm",42.75,"13;14",63,"1;21;0;42","5;0;1;1;1;0;4"
7,13,True,"","","",42,"0;42","4;1;0;4"
7,14,True,"","","",21,"1;21","1;0;1;1"
7,15,False,"flipper_length_mm",207.50,"16;17",40,"0;1;1;39","16;1;0;4;0;1;12"
7,16,True,"","","",39,"1;39","12;0;1;12"
7,17,True,"","","",1,"0;1","4;1;0;4"
7,18,True,"","","",52,"0;52","0"
8,0,False,"bill_depth_mm",16.45,"1;4",326,"2;122;0;138;1;66","18;1;2;2;2;0;1;1;1;0;1;14"
8,1,False,"flipper_length_mm",197.50,"2;3",121,"2;115;0;6","1;1;2;1"
8,2,True,"","","",6,"0;6","0"
8,3,True,"","","",115,"2;115","1;1;2;1"
8,4,False,"bill_length_mm",42.40,"5;10",205,"2;7;0;132;1;66","17;1;2;1;2;0;1;1;1;0;1;14"
8,5,False,"sex",0.50,"6;9",130,"0;129;1;1","4;0;1;4"
8,6,False,"bill_depth_mm",16.70,"7;8",64,"0;63;1;1","4;0;1;4"
8,7,True,"","","",1,"1;1","4;0;1;4"
8,8,True,"","","",63,"0;63","0"
8,9,True,"","","",66,"0;66","0"
8,10,False,"body_mass_g",4575.00,"11;14",75,"2;7;0;3;1;65","13;1;2;1;2;0;1;1;1;0;1;10"
8,11,False,"bill_length_mm",44.75,"12;13",65,"1;65","11;0;1;10;2;1;1"
8,12,True,"","","",5,"1;5","9;0;1;8;2;1;1"
8,13,True,"","","",60,"1;60","2;0;1;2"
8,14,False,"bill_length_mm",48.85,"15;16",10,"2;7;0;3","2;1;2;1;2;0;1"
8,15,True,"","","",3,"0;3","1;2;0;1"
8,16,True,"","","",7,"2;7","1;1;2;1"
9,0,False,"flipper_length_mm",206.50,"1;14",299,"1;53;2;121;0;125","45;0;1;27;2;1;1;0;2;1;0;15"
9,1,False,"flipper_length_mm",192.50,"2;9",173,"0;125;1;48","42;1;0;15;2;0;2;0;1;25"
9,2,False,"bill_length_mm",42.40,"3;6",116,"0;99;1;17","3;1;0;3"
9,3,False,"sex",0.50,"4;5",97,"0;97","1;1;0;1"
9,4,True,"","","",59,"0;59","1;1;0;1"
9,5,True,"","","",38,"0;38","0"
9,6,False,"sex",0.50,"7;8",19,"0;2;1;17","2;1;0;2"
9,7,True,"","","",17,"1;17","0"
9,8,True,"","","",2,"0;2","2;1;0;2"
9,9,False,"bill_depth_mm",20.50,"10;13",57,"0;26;1;31","39;1;0;12;2;0;2;0;1;25"
9,10,False,"body_mass_g",3975.00,"11;12",52,"0;21;1;31","38;1;0;11;2;0;2;0;1;25"
9,11,True,"","","",31,"1;31","25;0;1;25"
9,12,True,"","","",21,"0;21","13;1;0;11;2;0;2"
9,13,True,"","","",5,"0;5","1;1;0;1"
9,14,False,"body_mass_g",4050.00,"15;16",126,"1;5;2;121","3;0;1;2;2;1;1"
9,15,True,"","","",2,"1;2","2;0;1;1;2;1;1"
9,16,False,"bill_depth_mm",18.45,"17;18",124,"1;3;2;121","1;0;1;1"
9,17,True,"","","",121,"2;121","0"
9,18,True,"","","",3,"1;3","1;0;1;1"
10,0,False,"body_mass_g",4562.50,"1;14",324,"1;57;2;124;0;143","20;0;2;6;1;3;1;0;11"
10,1,False,"flipper_length_mm",196.50,"2;9",213,"1;56;0;138;2;19","18;0;1;3;2;4;1;0;11"
10,2,False,"bill_length_mm",42.35,"3;6",150,"0;124;1;26","11;1;0;11"
10,3,False,"flipper_length_mm",187.50,"4;5",119,"0;119","1;1;0;1"
10,4,True,"","","",53,"0;53","1;1;0;1"
10,5,True,"","","",66,"0;66","0"
10,6,False,"sex",0.50,"7;8",31,"0;5;1;26","10;1;0;10"
10,7,True,"","","",26,"1;26","0"
10,8,True,"","","",5,"0;5","10;1;0;10"
10,9,False,"island",0.50,"10;11",63,"1;30;0;14;2;19","7;0;1;3;2;4"
10,10,True,"","","",19,"2;19","4;0;2;4"
10,11,False,"bill_length_mm",43.30,"12;13",44,"1;30;0;14","3;0;1;3"
10,12,True,"","","",14,"0;14","0"
10,13,True,"","","",30,"1;30","3;0;1;3"
10,14,False,"body_mass_g",4712.50,"15;18",111,"1;1;2;105;0;5","2;0;2;2"
10,15,False,"bill_depth_mm",16.40,"16;17",20,"0;5;2;15","0"
10,16,True,"","","",15,"2;15","0"
10,17,True,"","","",5,"0;5","0"
10,18,False,"island",0.50,"19;20",91,"1;1;2;90","2;0;2;2"
10,19,True,"","","",90,"2;90","2;0;2;2"
10,20,True,"","","",1,"1;1","0"
11,0,False,"bill_length_mm",42.40,"1;8",320,"2;120;0;140;1;60","24;0;2;8;1;4;1;2;1;0;7;2;0;1;1;3"
11,1,False,"body_mass_g",4575.00,"2;7",135,"2;3;0;132","8;0;2;7;1;0;1"
11,2,False,"bill_length_mm",41.90,"3;4",133,"0;132;2;1","4;0;2;3;1;0;1"
11,3,True,"","","",129,"0;129","1;1;0;1"
11,4,False,"bill_length_mm",42.15,"5;6",4,"0;3;2;1","3;0;2;3"
11,5,True,"","","",1,"2;1","3;0;2;3"
11,6,True,"","","",3,"0;3","0"
11,7,True,"","","",2,"2;2","4;0;2;4"
11,8,False,"body_mass_g",4175.00,"9;14",185,"2;117;0;8;1;60","16;0;2;1;1;4;1;2;1;0;6;2;0;1;1;3"
11,9,False,"bill_length_mm",44.93,"10;13",62,"1;60;0;2","7;0;1;4;2;1;3"
11,10,False,"bill_depth_mm",18.30,"11;12",7,"0;2;1;5","6;0;1;3;2;1;3"
11,11,True,"","","",5,"1;5","6;0;1;3;2;1;3"
11,12,True,"","","",2,"0;2","0"
11,13,True,"","","",55,"1;55","1;0;1;1"
11,14,False,"body_mass_g",4712.50,"15;18",123,"2;117;0;6","9;0;2;1;1;2;1;0;6;2;0;1"
11,15,False,"sex",0.50,"16;17",33,"0;6;2;27","7;1;0;6;2;0;1"
11,16,True,"","","",27,"2;27","0"
11,17,True,"","","",6,"0;6","7;1;0;6;2;0;1"
11,18,True,"","","",90,"2;90","2;0;2;1;1;2;1"
12,0,False,"bill_depth_mm",16.05,"1;6",337,"1;66;0;148;2;123","7;0;1;4;1;0;2;2;1;1"
12,1,False,"island",0.50,"2;5",107,"0;3;2;104","0"
12,2,False,"flipper_length_mm",195.00,"3;4",105,"2;104;0;1","0"
12,3,True,"","","",1,"0;1","0"
12,4,True,"","","",104,"2;104","0"
12,5,True,"","","",2,"0;2","0"
12,6,False,"bill_depth_mm",17.40,"7;12",230,"1;66;0;145;2;19","7;0;1;4;1;0;2;2;1;1"
12,7,False,"bill_length_mm",41.60,"8;9",68,"2;19;1;15;0;34","3;0;1;1;2;1;1;1;0;1"
12,8,True,"","","",34,"0;34","1;1;0;1"
12,9,False,"flipper_length_mm",206.00,"10;11",34,"2;19;1;15","2;0;1;1;2;1;1"
12,10,True,"","","",15,"1;15","2;0;1;1;2;1;1"
12,11,True,"","","",19,"2;19","0"
12,12,False,"bill_length_mm",44.75,"13;14",162,"1;51;0;111","4;0;1;3;1;0;1"
12,13,True,"","","",111,"0;111","1;1;0;1"
12,14,True,"","","",51,"1;51","3;0;1;3"
13,0,False,"bill_length_mm",42.40,"1;8",320,"2;121;0;136;1;63","24;1;2;1;0;4;0;2;5;1;11;2;1;2;0;1"
13,1,False,"body_mass_g",4562.50,"2;7",137,"2;2;0;135","6;0;2;4;2;0;1;1;0;1"
13,2,False,"flipper_length_mm",187.50,"3;6",135,"0;135","2;2;0;1;1;0;1"
13,3,False,"bill_length_mm",40.75,"4;5",53,"0;53","1;1;0;1"
13,4,True,"","","",49,"0;49","0"
13,5,True,"","","",4,"0;4","1;1;0;1"
13,6,True,"","","",82,"0;82","1;2;0;1"
13,7,True,"","","",2,"2;2","4;0;2;4"
13,8,False,"flipper_length_mm",207.50,"9;14",183,"2;119;0;1;1;63","18;1;2;1;0;3;0;2;1;1;11;2;1;2"
13,9,False,"sex",1.50,"10;13",64,"2;1;1;63","14;0;2;1;1;11;2;1;2"
13,10,False,"body_mass_g",4062.50,"11;12",63,"1;63","13;0;1;11;2;1;2"
13,11,True,"","","",55,"1;55","1;0;1;1"
13,12,True,"","","",8,"1;8","12;0;1;10;2;1;2"
13,13,True,"","","",1,"2;1","1;0;2;1"
13,14,False,"flipper_length_mm",210.50,"15;18",119,"2;118;0;1","4;1;2;1;0;3"
13,15,False,"bill_depth_mm",16.85,"16;17",21,"0;1;2;20","3;1;0;3"
13,16,True,"","","",20,"2;20","0"
13,17,True,"","","",1,"0;1","3;1;0;3"
13,18,True,"","","",98,"2;98","1;1;2;1"
14,0,False,"bill_length_mm",43.25,"1;10",329,"2;124;1;65;0;140","15;0;1;11;2;1;1;0;3"
14,1,False,"flipper_length_mm",207.00,"2;9",149,"2;8;0;139;1;2","10;0;2;1;1;6;1;0;3"
14,2,False,"bill_depth_mm",16.80,"3;6",141,"0;139;1;2","9;1;0;3;0;1;6"
14,3,False,"body_mass_g",3125.00,"4;5",9,"1;2;0;7","7;0;1;6;1;0;1"
14,4,True,"","","",7,"0;7","1;1;0;1"
14,5,True,"","","",2,"1;2","6;0;1;6"
14,6,False,"body_mass_g",3375.00,"7;8",132,"0;132","2;1;0;2"
14,7,True,"","","",30,"0;30","1;1;0;1"
14,8,True,"","","",102,"0;102","1;1;0;1"
14,9,True,"","","",8,"2;8","1;0;2;1"
14,10,False,"flipper_length_mm",207.50,"11;18",180,"2;116;1;63;0;1","5;0;1;5"
14,11,False,"island",0.50,"12;15",63,"1;59;2;3;0;1","4;0;1;4"
14,12,False,"flipper_length_mm",194.00,"13;14",4,"2;3;0;1","0"
14,13,True,"","","",1,"0;1","0"
14,14,True,"","","",3,"2;3","0"
14,15,False,"bill_depth_mm",19.60,"16;17",59,"1;59","4;0;1;4"
14,16,True,"","","",49,"1;49","2;0;1;2"
14,17,True,"","","",10,"1;10","2;0;1;2"
14,18,False,"flipper_length_mm",212.50,"19;22",117,"2;113;1;4","1;0;1;1"
14,19,False,"bill_depth_mm",17.35,"20;21",29,"1;4;2;25","1;0;1;1"
14,20,True,"","","",25,"2;25","0"
14,21,True,"","","",4,"1;4","1;0;1;1"
14,22,True,"","","",88,"2;88","0"
15,0,False,"body_mass_g",4575.00,"1;14",334,"2;123;0;148;1;63","10;1;2;1;0;4;0;2;1;1;3;2;1;1"
15,1,False,"bill_length_mm",42.95,"2;7",224,"1;63;2;19;0;142","8;0;1;3;2;1;1;1;0;4"
15,2,False,"bill_depth_mm",14.75,"3;4",140,"0;138;2;2","4;1;0;4"
15,3,True,"","","",2,"2;2","0"
15,4,False,"flipper_length_mm",187.50,"5;6",138,"0;138","4;1;0;4"
15,5,True,"","","",53,"0;53","4;1;0;4"
15,6,True,"","","",85,"0;85","0"
15,7,False,"flipper_length_mm",207.50,"8;11",84,"1;63;2;17;0;4","4;0;1;3;2;1;1"
15,8,False,"island",1.50,"9;10",64,"0;4;1;60","3;0;1;2;2;1;1"
15,9,True,"","","",60,"1;60","3;0;1;2;2;1;1"
15,10,True,"","","",4,"0;4","0"
15,11,False,"island",0.50,"12;13",20,"1;3;2;17","1;0;1;1"
15,12,True,"","","",17,"2;17","0"
15,13,True,"","","",3,"1;3","1;0;1;1"
15,14,False,"body_mass_g",4687.50,"15;18",110,"2;104;0;6","2;1;2;1;0;2;1"
15,15,False,"flipper_length_mm",202.50,"16;17",13,"2;9;0;4","0"
15,16,True,"","","",4,"0;4","0"
15,17,True,"","","",9,"2;9","0"
15,18,False,"flipper_length_mm",201.50,"19;20",97,"2;95;0;2","2;1;2;1;0;2;1"
15,19,True,"","","",2,"0;2","0"
15,20,False,"bill_length_mm",51.65,"21;22",95,"2;95","2;1;2;1;0;2;1"
15,21,True,"","","",87,"2;87","1;0;2;1"
15,22,True,"","","",8,"2;8","1;1;2;1"
16,0,False,"flipper_length_mm",206.00,"1;16",321,"0;150;1;49;2;122","23;1;0;19;2;1;1;0;1;0;1;2"
16,1,False,"flipper_length_mm",191.50,"2;9",193,"1;45;0;148","22;2;1;1;0;1;0;1;2;1;0;18"
16,2,False,"body_mass_g",2950.00,"3;6",95,"0;94;1;1","17;1;0;17"
16,3,False,"bill_length_mm",38.85,"4;5",6,"1;1;0;5","0"
16,4,True,"","","",5,"0;5","0"
16,5,True,"","","",1,"1;1","0"
16,6,False,"flipper_length_mm",186.50,"7;8",89,"0;89","17;1;0;17"
16,7,True,"","","",41,"0;41","4;1;0;4"
16,8,True,"","","",48,"0;48","13;1;0;13"
16,9,False,"bill_length_mm",45.02,"10;13",98,"1;44;0;54","5;2;1;1;0;1;0;1;2;1;0;1"
16,10,False,"bill_depth_mm",18.25,"11;12",54,"0;54","2;1;0;1;2;0;1"
16,11,True,"","","",20,"0;20","2;1;0;1;2;0;1"
16,12,True,"","","",34,"0;34","0"
16,13,False,"bill_length_mm",46.25,"14;15",44,"1;44","3;2;1;1;0;1;2"
16,14,True,"","","",6,"1;6","2;0;1;2"
16,15,True,"","","",38,"1;38","1;2;1;1"
16,16,False,"island",0.50,"17;18",128,"0;2;1;4;2;122","1;1;0;1"
16,17,True,"","","",122,"2;122","0"
16,18,False,"island",1.50,"19;22",6,"0;2;1;4","1;1;0;1"
16,19,False,"flipper_length_mm",209.00,"20;21",5,"1;4;0;1","1;1;0;1"
16,20,True,"","","",1,"0;1","1;1;0;1"
16,21,True,"","","",4,"1;4","0"
16,22,True,"","","",1,"0;1","0"
17,0,False,"flipper_length_mm",207.50,"1;10",322,"1;49;0;152;2;121","22;2;1;2;0;1;1;0;19"
17,1,False,"island",1.50,"2;9",195,"0;150;1;45","22;2;1;2;0;1;1;0;19"
17,2,False,"flipper_length_mm",191.50,"3;6",144,"1;45;0;99","22;2;1;2;0;1;1;0;19"
17,3,False,"flipper_length_mm",189.50,"4;5",65,"0;65","18;1;0;18"
17,4,True,"","","",47,"0;47","12;1;0;12"
17,5,True,"","","",18,"0;18","6;1;0;6"
17,6,False,"bill_length_mm",44.90,"7;8",79,"1;45;0;34","4;2;1;2;0;1;1;0;1"
17,7,True,"","","",34,"0;34","2;1;0;1;2;0;1"
17,8,True,"","","",45,"1;45","2;2;1;2"
17,9,True,"","","",51,"0;51","0"
17,10,False,"island",0.50,"11;12",127,"1;4;0;2;2;121","0"
17,11,True,"","","",121,"2;121","0"
17,12,False,"bill_depth_mm",18.95,"13;14",6,"1;4;0;2","0"
17,13,True,"","","",2,"0;2","0"
17,14,True,"","","",4,"1;4","0"
18,0,False,"flipper_length_mm",207.50,"1;10",321,"2;120;1;66;0;135","23;1;2;1;0;1;0;1;17;2;0;1;1;3"
18,1,False,"body_mass_g",4487.50,"2;9",197,"1;63;0;134","20;0;1;16;2;1;3;1;0;1"
18,2,False,"bill_length_mm",42.40,"3;6",195,"1;61;0;134","10;0;1;8;2;1;1;1;0;1"
18,3,False,"body_mass_g",3225.00,"4;5",134,"0;134","1;1;0;1"
18,4,True,"","","",25,"0;25","1;1;0;1"
18,5,True,"","","",109,"0;109","0"
18,6,False,"body_mass_g",4062.50,"7;8",61,"1;61","9;0;1;8;2;1;1"
18,7,True,"","","",55,"1;55","3;0;1;2;2;1;1"
18,8,True,"","","",6,"1;6","6;0;1;6"
18,9,True,"","","",2,"1;2","10;0;1;8;2;1;2"
18,10,False,"bill_length_mm",41.25,"11;12",124,"2;120;1;3;0;1","3;1;2;1;0;1;1;2;0;1"
18,11,True,"","","",1,"0;1","1;2;0;1"
18,12,False,"body_mass_g",4325.00,"13;16",123,"2;120;1;3","2;1;2;1;0;1;1"
18,13,False,"island",0.50,"14;15",11,"1;3;2;8","1;0;1;1"
18,14,True,"","","",8,"2;8","0"
18,15,True,"","","",3,"1;3","1;0;1;1"
18,16,True,"","","",112,"2;112","1;1;2;1"
19,0,False,"bill_depth_mm",16.35,"1;4",337,"2;122;1;66;0;149","7;0;1;3;1;0;2;2;0;2"
19,1,False,"flipper_length_mm",201.00,"2;3",120,"2;114;0;6","0"
19,2,True,"","","",6,"0;6","0"
19,3,True,"","","",114,"2;114","0"
19,4,False,"bill_length_mm",42.40,"5;6",217,"2;8;1;66;0;143","7;0;1;3;1;0;2;2;0;2"
19,5,True,"","","",133,"0;133","1;1;0;1"
19,6,False,"bill_length_mm",44.90,"7;10",84,"2;8;1;66;0;10","6;0;1;3;1;0;1;2;0;2"
19,7,False,"body_mass_g",3450.00,"8;9",14,"0;10;1;4","3;1;0;1;2;0;2"
19,8,True,"","","",4,"1;4","0"
19,9,True,"","","",10,"0;10","3;1;0;1;2;0;2"
19,10,False,"flipper_length_mm",220.00,"11;12",70,"2;8;1;62","3;0;1;3"
19,11,True,"","","",62,"1;62","3;0;1;3"
19,12,True,"","","",8,"2;8","0"
20,0,False,"bill_length_mm",42.40,"1;10",337,"0;146;1;68;2;123","7;0;1;5;2;1;2;0;1"
20,1,False,"bill_length_mm",40.75,"2;3",139,"2;3;0;135;1;1","4;0;2;1;1;3"
20,2,True,"","","",113,"0;113","0"
20,3,False,"body_mass_g",4100.00,"4;7",26,"2;3;0;22;1;1","4;0;2;1;1;3"
20,4,False,"bill_length_mm",41.00,"5;6",15,"0;14;1;1","3;0;1;3"
20,5,True,"","","",1,"1;1","3;0;1;3"
20,6,True,"","","",14,"0;14","0"
20,7,False,"flipper_length_mm",207.50,"8;9",11,"2;3;0;8","1;0;2;1"
20,8,True,"","","",8,"0;8","0"
20,9,True,"","","",3,"2;3","1;0;2;1"
20,10,False,"island",0.50,"11;14",198,"0;11;1;67;2;120","3;0;1;2;2;0;1"
20,11,False,"flipper_length_mm",199.50,"12;13",123,"2;120;0;3","1;2;0;1"
20,12,True,"","","",3,"0;3","1;2;0;1"
20,13,True,"","","",120,"2;120","0"
20,14,False,"island",1.50,"15;18",75,"0;8;1;67","2;0;1;2"
20,15,False,"sex",0.50,"16;17",67,"1;67","2;0;1;2"
20,16,True,"","","",33,"1;33","0"
20,17,True,"","","",34,"1;34","2;0;1;2"
20,18,True,"","","",8,"0;8","0"
21,0,False,"flipper_length_mm",206.50,"1;12",300,"2;122;0;118;1;60","44;1;2;5;0;3;0;2;1;1;33;2;1;2"
21,1,False,"flipper_length_mm",191.50,"2;7",177,"0;117;1;60","38;1;0;3;0;1;33;2;1;2"
21,2,False,"body_mass_g",3187.50,"3;4",109,"1;16;0;93","3;0;1;1;1;0;2"
21,3,True,"","","",19,"0;19","1;1;0;1"
21,4,False,"bill_length_mm",42.35,"5;6",90,"1;16;0;74","2;0;1;1;1;0;1"
21,5,True,"","","",74,"0;74","1;1;0;1"
21,6,True,"","","",16,"1;16","1;0;1;1"
21,7,False,"island",1.50,"8;11",68,"0;24;1;44","35;1;0;1;0;1;32;2;1;2"
21,8,False,"bill_depth_mm",20.70,"9;10",46,"0;2;1;44","35;1;0;1;0;1;32;2;1;2"
21,9,True,"","","",44,"1;44","34;0;1;32;2;1;2"
21,10,True,"","","",2,"0;2","1;1;0;1"
21,11,True,"","","",22,"0;22","0"
21,12,False,"bill_length_mm",44.25,"13;16",123,"2;122;0;1","6;1;2;5;0;2;1"
21,13,False,"island",1.00,"14;15",17,"0;1;2;16","1;0;2;1"
21,14,True,"","","",16,"2;16","1;0;2;1"
21,15,True,"","","",1,"0;1","0"
21,16,True,"","","",106,"2;106","5;1;2;5"
22,0,False,"body_mass_g",4537.50,"1;10",310,"0;145;1;42;2;123","34;0;1;7;1;0;26;2;0;1"
22,1,False,"bill_depth_mm",15.05,"2;3",200,"1;40;0;143;2;17","29;0;1;2;1;0;26;2;0;1"
22,2,True,"","","",17,"2;17","0"
22,3,False,"flipper_length_mm",193.50,"4;7",183,"1;40;0;143","29;0;1;2;1;0;26;2;0;1"
22,4,False,"island",1.50,"5;6",106,"0;106","25;1;0;25"
22,5,True,"","","",74,"0;74","25;1;0;25"
22,6,True,"","","",32,"0;32","0"
22,7,False,"bill_length_mm",44.85,"8;9",77,"1;40;0;37","4;0;1;2;1;0;1;2;0;1"
22,8,True,"","","",37,"0;37","2;1;0;1;2;0;1"
22,9,True,"","","",40,"1;40","2;0;1;2"
22,10,False,"bill_depth_mm",17.45,"11;12",110,"0;2;1;2;2;106","5;0;1;5"
22,11,True,"","","",106,"2;106","0"
22,12,False,"island",1.50,"13;14",4,"0;2;1;2","5;0;1;5"
22,13,True,"","","",2,"1;2","5;0;1;5"
22,14,True,"","","",2,"0;2","0"
23,0,False,"bill_length_mm",43.15,"1;8",326,"1;55;2;120;0;151","18;1;0;13;2;0;4;0;1;1"
23,1,False,"bill_length_mm",40.85,"2;3",154,"2;7;0;143;1;4","1;0;1;1"
23,2,True,"","","",115,"0;115","0"
23,3,False,"flipper_length_mm",205.50,"4;7",39,"2;7;0;28;1;4","1;0;1;1"
23,4,False,"bill_depth_mm",17.40,"5;6",32,"0;28;1;4","1;0;1;1"
23,5,True,"","","",4,"1;4","1;0;1;1"
23,6,True,"","","",28,"0;28","0"
23,7,True,"","","",7,"2;7","0"
23,8,False,"bill_length_mm",50.60,"9;14",172,"1;51;2;113;0;8","17;1;0;13;2;0;4"
23,9,False,"bill_depth_mm",16.30,"10;11",134,"0;8;1;28;2;98","17;1;0;13;2;0;4"
23,10,True,"","","",98,"2;98","0"
23,11,False,"sex",0.50,"12;13",36,"0;8;1;28","17;1;0;13;2;0;4"
23,12,True,"","","",28,"1;28","0"
23,13,True,"","","",8,"0;8","17;1;0;13;2;0;4"
23,14,False,"island",0.50,"15;16",38,"1;23;2;15","0"
23,15,True,"","","",15,"2;15","0"
23,16,True,"","","",23,"1;23","0"
24,0,False,"bill_length_mm",42.55,"1;10",331,"1;67;2;124;0;140","13;0;1;9;2;3;1;0;1"
24,1,False,"bill_length_mm",42.40,"2;7",146,"0;140;1;3;2;3","1;1;0;1"
24,2,False,"bill_depth_mm",15.10,"3;4",142,"0;139;2;3","1;1;0;1"
24,3,True,"","","",3,"2;3","0"
24,4,False,"body_mass_g",3225.00,"5;6",139,"0;139","1;1;0;1"
24,5,True,"","","",25,"0;25","1;1;0;1"
24,6,True,"","","",114,"0;114","0"
24,7,False,"bill_depth_mm",19.00,"8;9",4,"0;1;1;3","0"
24,8,True,"","","",3,"1;3","0"
24,9,True,"","","",1,"0;1","0"
24,10,False,"bill_depth_mm",16.35,"11;12",185,"1;64;2;121","12;0;1;9;2;3"
24,11,True,"","","",111,"2;111","0"
24,12,False,"bill_length_mm",52.05,"13;16",74,"1;64;2;10","12;0;1;9;2;3"
24,13,False,"island",0.50,"14;15",63,"1;57;2;6","12;0;1;9;2;3"
24,14,True,"","","",6,"2;6","3;0;2;3"
24,15,True,"","","",57,"1;57","9;0;1;9"
24,16,False,"island",0.50,"17;18",11,"1;7;2;4","0"
24,17,True,"","","",4,"2;4","0"
24,18,True,"","","",7,"1;7","0"
25,0,False,"flipper_length_mm",206.50,"1;14",332,"1;64;0;145;2;123","12;1;0;4;0;2;2;1;5;2;1;1"
25,1,False,"bill_length_mm",43.15,"2;9",205,"0;144;2;1;1;60","10;1;0;3;0;2;1;1;5;2;1;1"
25,2,False,"bill_length_mm",42.35,"3;6",145,"0;142;1;3","2;0;1;1;1;0;1"
25,3,False,"body_mass_g",3250.00,"4;5",138,"0;138","1;1;0;1"
25,4,True,"","","",27,"0;27","1;1;0;1"
25,5,True,"","","",111,"0;111","0"
25,6,False,"island",1.50,"7;8",7,"0;4;1;3","1;0;1;1"
25,7,True,"","","",3,"1;3","1;0;1;1"
25,8,True,"","","",4,"0;4","0"
25,9,False,"bill_depth_mm",20.15,"10;13",60,"0;2;2;1;1;57","8;1;0;2;0;2;1;1;4;2;1;1"
25,10,False,"sex",1.50,"11;12",58,"2;1;1;57","6;0;2;1;1;4;2;1;1"
25,11,True,"","","",57,"1;57","5;0;1;4;2;1;1"
25,12,True,"","","",1,"2;1","1;0;2;1"
25,13,True,"","","",2,"0;2","2;1;0;2"
25,14,False,"bill_depth_mm",18.10,"15;16",127,"1;4;0;1;2;122","2;1;0;1;0;2;1"
25,15,True,"","","",122,"2;122","1;0;2;1"
25,16,False,"body_mass_g",4125.00,"17;18",5,"1;4;0;1","1;1;0;1"
25,17,True,"","","",3,"1;3","0"
25,18,False,"body_mass_g",4550.00,"19;20",2,"1;1;0;1","1;1;0;1"
25,19,True,"","","",1,"0;1","1;1;0;1"
25,20,True,"","","",1,"1;1","0"
26,0,False,"bill_depth_mm",16.40,"1;4",337,"0;147;1;66;2;124","7;0;1;2;2;3;1;0;1;2;1"
26,1,False,"bill_length_mm",38.55,"2;3",121,"2;115;0;6","1;1;2;1"
26,2,True,"","","",6,"0;6","0"
26,3,True,"","","",115,"2;115","1;1;2;1"
26,4,False,"bill_length_mm",42.40,"5;6",216,"0;141;1;66;2;9","6;0;1;2;2;3;1;0;1"
26,5,True,"","","",133,"0;133","1;1;0;1"
26,6,False,"island",0.50,"7;10",83,"0;8;1;66;2;9","5;0;1;2;2;3"
26,7,False,"sex",1.50,"8;9",9,"2;9","3;0;2;3"
26,8,True,"","","",8,"2;8","3;0;2;3"
26,9,True,"","","",1,"2;1","0"
26,10,False,"island",1.50,"11;12",74,"0;8;1;66","2;0;1;2"
26,11,True,"","","",66,"1;66","2;0;1;2"
26,12,True,"","","",8,"0;8","0"
27,0,False,"flipper_length_mm",206.50,"1;12",282,"1;13;0;147;2;122","62;1;0;55;2;0;1;1;1;0;1;5"
27,1,False,"body_mass_g",3287.50,"2;7",153,"0;145;1;8","62;1;0;55;2;0;1;1;1;0;1;5"
27,2,False,"bill_depth_mm",16.70,"3;6",32,"0;28;1;4","2;1;0;2"
27,3,False,"bill_length_mm",39.85,"4;5",10,"1;4;0;6","0"
27,4,True,"","","",6,"0;6","0"
27,5,True,"","","",4,"1;4","0"
27,6,True,"","","",22,"0;22","2;1;0;2"
27,7,False,"bill_depth_mm",16.90,"8;9",121,"0;117;1;4","60;1;0;53;2;0;1;1;1;0;1;5"
27,8,True,"","","",4,"1;4","6;0;1;5;2;1;1"
27,9,False,"island",0.50,"10;11",117,"0;117","54;1;0;53;2;0;1"
27,10,True,"","","",32,"0;32","1;2;0;1"
27,11,True,"","","",85,"0;85","53;1;0;53"
27,12,False,"bill_depth_mm",17.65,"13;14",129,"1;5;0;2;2;122","0"
27,13,True,"","","",122,"2;122","0"
27,14,False,"bill_length_mm",47.45,"15;16",7,"1;5;0;2","0"
27,15,True,"","","",2,"0;2","0"
27,16,True,"","","",5,"1;5","0"
28,0,False,"flipper_length_mm",207.50,"1;12",327,"1;55;0;151;2;121","17;1;0;13;0;1;1;2;1;1;0;2"
28,1,False,"bill_length_mm",45.75,"2;9",200,"0;149;1;51","17;1;0;13;0;1;1;2;1;1;0;2"
28,2,False,"body_mass_g",2950.00,"3;6",149,"0;148;1;1","14;1;0;12;2;0;2"
28,3,False,"bill_length_mm",39.80,"4;5",7,"1;1;0;6","0"
28,4,True,"","","",6,"0;6","0"
28,5,True,"","","",1,"1;1","0"
28,6,False,"bill_length_mm",42.35,"7;8",142,"0;142","14;1;0;12;2;0;2"
28,7,True,"","","",132,"0;132","1;1;0;1"
28,8,True,"","","",10,"0;10","13;1;0;11;2;0;2"
28,9,False,"bill_depth_mm",20.75,"10;11",51,"0;1;1;50","3;1;0;1;0;1;1;2;1;1"
28,10,True,"","","",50,"1;50","2;0;1;1;2;1;1"
28,11,True,"","","",1,"0;1","1;1;0;1"
28,12,False,"island",0.50,"13;14",127,"1;4;0;2;2;121","0"
28,13,True,"","","",121,"2;121","0"
28,14,False,"bill_depth_mm",18.95,"15;16",6,"1;4;0;2","0"
28,15,True,"","","",2,"0;2","0"
28,16,True,"","","",4,"1;4","0"
29,0,False,"flipper_length_mm",207.50,"1;10",288,"2;124;1;68;0;96","56;0;1;55;2;1"
29,1,False,"island",0.50,"2;5",161,"0;94;1;64;2;3","56;0;1;55;2;1"
29,2,False,"bill_length_mm",43.58,"3;4",46,"2;3;0;43","1;0;2;1"
29,3,True,"","","",43,"0;43","0"
29,4,True,"","","",3,"2;3","1;0;2;1"
29,5,False,"island",1.50,"6;9",115,"0;51;1;64","55;0;1;55"
29,6,False,"sex",0.50,"7;8",64,"1;64","55;0;1;55"
29,7,True,"","","",34,"1;34","27;0;1;27"
29,8,True,"","","",30,"1;30","28;0;1;28"
29,9,True,"","","",51,"0;51","0"
29,10,False,"flipper_length_mm",213.00,"11;16",127,"2;121;1;4;0;2","0"
29,11,False,"island",0.50,"12;13",42,"1;4;0;2;2;36","0"
29,12,True,"","","",36,"2;36","0"
29,13,False,"bill_length_mm",46.55,"14;15",6,"1;4;0;2","0"
29,14,True,"","","",2,"0;2","0"
29,15,True,"","","",4,"1;4","0"
29,16,True,"","","",85,"2;85","0"
30,0,False,"body_mass_g",4537.50,"1;10",305,"2;122;0;145;1;38","39;1;2;2;0;28;2;0;2;0;2;6;1;1"
30,1,False,"bill_depth_mm",15.00,"2;3",199,"1;38;0;144;2;17","30;0;1;1;1;0;28;2;0;1"
30,2,True,"","","",17,"2;17","0"
30,3,False,"flipper_length_mm",194.50,"4;7",182,"1;38;0;144","30;0;1;1;1;0;28;2;0;1"
30,4,False,"body_mass_g",3850.00,"5;6",109,"0;109","27;1;0;27"
30,5,True,"","","",85,"0;85","27;1;0;27"
30,6,True,"","","",24,"0;24","0"
30,7,False,"bill_length_mm",45.05,"8;9",73,"1;38;0;35","3;0;1;1;1;0;1;2;0;1"
30,8,True,"","","",35,"0;35","2;1;0;1;2;0;1"
30,9,True,"","","",38,"1;38","1;0;1;1"
30,10,False,"bill_length_mm",45.85,"11;14",106,"2;105;0;1","9;1;2;2;2;0;1;0;2;6"
30,11,False,"bill_length_mm",45.55,"12;13",27,"0;1;2;26","7;2;0;1;0;2;6"
30,12,True,"","","",26,"2;26","6;0;2;6"
30,13,True,"","","",1,"0;1","1;2;0;1"
30,14,True,"","","",79,"2;79","2;1;2;2"
31,0,False,"flipper_length_mm",207.00,"1;8",331,"1;62;0;149;2;120","13;2;1;3;0;1;0;1;3;1;0;6"
31,1,False,"bill_length_mm",44.75,"2;7",205,"1;58;0;147","12;0;1;3;2;1;2;0;1;1;0;6"
31,2,False,"flipper_length_mm",187.50,"3;6",147,"0;147","7;1;0;6;2;0;1"
31,3,False,"bill_depth_mm",16.85,"4;5",54,"0;54","5;1;0;5"
31,4,True,"","","",7,"0;7","3;1;0;3"
31,5,True,"","","",47,"0;47","2;1;0;2"
31,6,True,"","","",93,"0;93","2;1;0;1;2;0;1"
31,7,True,"","","",58,"1;58","5;0;1;3;2;1;2"
31,8,False,"body_mass_g",4050.00,"9;12",126,"1;4;0;2;2;120","1;2;1;1"
31,9,False,"island",1.50,"10;11",2,"0;1;1;1","1;2;1;1"
31,10,True,"","","",1,"1;1","1;2;1;1"
31,11,True,"","","",1,"0;1","0"
31,12,False,"bill_depth_mm",18.10,"13;14",124,"1;3;0;1;2;120","0"
31,13,True,"","","",120,"2;120","0"
31,14,False,"flipper_length_mm",209.00,"15;16",4,"1;3;0;1","0"
31,15,True,"","","",1,"0;1","0"
31,16,True,"","","",3,"1;3","0"
32,0,False,"flipper_length_mm",206.00,"1;14",293,"1;32;2;122;0;139","51;0;1;13;2;1;2;1;0;36"
32,1,False,"flipper_length_mm",191.50,"2;9",166,"0;139;1;27","49;0;1;11;2;1;2;1;0;36"
32,2,False,"sex",0.50,"3;6",95,"1;1;0;94","17;1;0;17"
32,3,False,"bill_depth_mm",16.85,"4;5",57,"0;57","16;1;0;16"
32,4,True,"","","",10,"0;10","5;1;0;5"
32,5,True,"","","",47,"0;47","11;1;0;11"
32,6,False,"bill_length_mm",48.55,"7;8",38,"1;1;0;37","1;1;0;1"
32,7,True,"","","",37,"0;37","1;1;0;1"
32,8,True,"","","",1,"1;1","0"
32,9,False,"island",1.50,"10;13",71,"0;45;1;26","32;0;1;11;2;1;2;1;0;19"
32,10,False,"flipper_length_mm",196.50,"11;12",49,"1;26;0;23","32;0;1;11;2;1;2;1;0;19"
32,11,True,"","","",23,"0;23","19;1;0;19"
32,12,True,"","","",26,"1;26","13;0;1;11;2;1;2"
32,13,True,"","","",22,"0;22","0"
32,14,False,"island",0.50,"15;16",127,"1;5;2;122","2;0;1;2"
32,15,True,"","","",122,"2;122","0"
32,16,True,"","","",5,"1;5","2;0;1;2"
33,0,False,"bill_length_mm",43.25,"1;8",339,"1;67;0;148;2;124","5;0;1;2;2;2;1;0;1"
33,1,False,"flipper_length_mm",207.50,"2;7",156,"2;8;0;144;1;4","3;0;2;1;1;1;1;0;1"
33,2,False,"bill_length_mm",42.35,"3;4",148,"0;144;1;4","2;0;1;1;1;0;1"
33,3,True,"","","",138,"0;138","1;1;0;1"
33,4,False,"bill_depth_mm",17.80,"5;6",10,"0;6;1;4","1;0;1;1"
33,5,True,"","","",4,"1;4","1;0;1;1"
33,6,True,"","","",6,"0;6","0"
33,7,True,"","","",8,"2;8","1;0;2;1"
33,8,False,"flipper_length_mm",206.50,"9;14",183,"1;63;0;4;2;116","2;0;1;1;2;1"
33,9,False,"island",1.50,"10;13",63,"0;3;1;58;2;2","2;0;1;1;2;1"
33,10,False,"island",0.50,"11;12",60,"1;58;2;2","2;0;1;1;2;1"
33,11,True,"","","",2,"2;2","1;0;2;1"
33,12,True,"","","",58,"1;58","1;0;1;1"
33,13,True,"","","",3,"0;3","0"
33,14,False,"island",0.50,"15;16",120,"1;5;0;1;2;114","0"
33,15,True,"","","",114,"2;114","0"
33,16,False,"bill_length_mm",46.55,"17;18",6,"1;5;0;1","0"
33,17,True,"","","",1,"0;1","0"
33,18,True,"","","",5,"1;5","0"
34,0,False,"bill_depth_mm",16.35,"1;4",333,"2;122;0;144;1;67","11;0;1;8;2;1;2;1;0;1"
34,1,False,"bill_length_mm",39.30,"2;3",120,"2;114;0;6","0"
34,2,True,"","","",6,"0;6","0"
34,3,True,"","","",114,"2;114","0"
34,4,False,"bill_length_mm",43.15,"5;10",213,"2;8;0;138;1;67","11;0;1;8;2;1;2;1;0;1"
34,5,False,"bill_length_mm",42.40,"6;7",140,"0;137;1;3","2;0;1;1;1;0;1"
34,6,True,"","","",133,"0;133","1;1;0;1"
34,7,False,"bill_length_mm",42.60,"8;9",7,"0;4;1;3","1;0;1;1"
34,8,True,"","","",3,"1;3","1;0;1;1"
34,9,True,"","","",4,"0;4","0"
34,10,False,"flipper_length_mm",219.00,"11;14",73,"2;8;0;1;1;64","9;0;1;7;2;1;2"
34,11,False,"bill_depth_mm",21.10,"12;13",65,"0;1;1;64","9;0;1;7;2;1;2"
34,12,True,"","","",64,"1;64","9;0;1;7;2;1;2"
34,13,True,"","","",1,"0;1","0"
34,14,True,"","","",8,"2;8","0"
35,0,False,"flipper_length_mm",207.50,"1;12",334,"1;63;0;150;2;121","10;0;1;2;2;1;3;1;0;5"
35,1,False,"bill_length_mm",43.35,"2;7",207,"0;148;1;59","10;0;1;2;2;1;3;1;0;5"
35,2,False,"flipper_length_mm",187.50,"3;6",145,"0;145","5;1;0;5"
35,3,False,"body_mass_g",3375.00,"4;5",54,"0;54","5;1;0;5"
35,4,True,"","","",21,"0;21","4;1;0;4"
35,5,True,"","","",33,"0;33","1;1;0;1"
35,6,True,"","","",91,"0;91","0"
35,7,False,"island",1.50,"8;11",62,"0;3;1;59","5;0;1;2;2;1;3"
35,8,False,"flipper_length_mm",195.50,"9;10",59,"1;59","5;0;1;2;2;1;3"
35,9,True,"","","",28,"1;28","1;0;1;1"
35,10,True,"","","",31,"1;31","4;0;1;1;2;1;3"
35,11,True,"","","",3,"0;3","0"
35,12,False,"island",0.50,"13;14",127,"1;4;0;2;2;121","0"
35,13,True,"","","",121,"2;121","0"
35,14,False,"bill_length_mm",46.55,"15;16",6,"1;4;0;2","0"
35,15,True,"","","",2,"0;2","0"
35,16,True,"","","",4,"1;4","0"
36,0,False,"bill_length_mm",42.40,"1;8",335,"1;64;2;121;0;150","9;0;1;2;2;1;2;0;1;1;0;4"
36,1,False,"flipper_length_mm",209.00,"2;7",142,"2;3;0;139","1;1;0;1"
36,2,False,"bill_depth_mm",16.65,"3;6",139,"0;139","1;1;0;1"
36,3,False,"bill_depth_mm",16.55,"4;5",10,"0;10","1;1;0;1"
36,4,True,"","","",8,"0;8","0"
36,5,True,"","","",2,"0;2","1;1;0;1"
36,6,True,"","","",129,"0;129","0"
36,7,True,"","","",3,"2;3","0"
36,8,False,"flipper_length_mm",207.50,"9;14",193,"1;64;2;118;0;11","8;0;1;2;2;1;2;0;1;1;0;3"
36,9,False,"flipper_length_mm",198.50,"10;13",71,"1;60;0;11","7;2;1;2;0;1;1;0;3;0;1;1"
36,10,False,"body_mass_g",3950.00,"11;12",53,"0;11;1;42","5;1;0;3;2;0;1;0;1;1"
36,11,True,"","","",42,"1;42","1;0;1;1"
36,12,True,"","","",11,"0;11","4;1;0;3;2;0;1"
36,13,True,"","","",18,"1;18","2;2;1;2"
36,14,False,"island",0.50,"15;16",122,"1;4;2;118","1;0;1;1"
36,15,True,"","","",118,"2;118","0"
36,16,False,"flipper_length_mm",211.00,"17;18",4,"1;4","1;0;1;1"
36,17,True,"","","",3,"1;3","1;0;1;1"
36,18,True,"","","",1,"1;1","0"
37,0,False,"bill_length_mm",43.15,"1;8",332,"2;123;1;63;0;146","12;1;2;1;0;4;0;1;6;2;0;1"
37,1,False,"bill_depth_mm",14.85,"2;3",151,"0;144;2;7","4;1;0;4"
37,2,True,"","","",7,"2;7","0"
37,3,False,"body_mass_g",3225.00,"4;7",144,"0;144","4;1;0;4"
37,4,False,"body_mass_g",3187.50,"5;6",25,"0;25","1;1;0;1"
37,5,True,"","","",21,"0;21","0"
37,6,True,"","","",4,"0;4","1;1;0;1"
37,7,True,"","","",119,"0;119","3;1;0;3"
37,8,False,"flipper_length_mm",206.00,"9;16",181,"2;116;1;63;0;2","8;1;2;1;0;1;6;2;0;1"
37,9,False,"island",0.50,"10;13",62,"1;59;2;1;0;2","6;0;1;5;2;0;1"
37,10,False,"sex",1.50,"11;12",3,"2;1;0;2","1;2;0;1"
37,11,True,"","","",2,"0;2","1;2;0;1"
37,12,True,"","","",1,"2;1","0"
37,13,False,"body_mass_g",4075.00,"14;15",59,"1;59","5;0;1;5"
37,14,True,"","","",51,"1;51","1;0;1;1"
37,15,True,"","","",8,"1;8","4;0;1;4"
37,16,False,"flipper_length_mm",210.50,"17;20",119,"2;115;1;4","2;1;2;1;0;1;1"
37,17,False,"island",0.50,"18;19",23,"1;4;2;19","1;0;1;1"
37,18,True,"","","",19,"2;19","0"
37,19,True,"","","",4,"1;4","1;0;1;1"
37,20,True,"","","",96,"2;96","1;1;2;1"
38,0,False,"body_mass_g",4537.50,"1;12",304,"0;151;2;106;1;47","40;1;0;21;0;1;1;2;1;16;0;2"
38,1,False,"flipper_length_mm",192.50,"2;7",191,"0;144;1;47","38;0;1;1;2;1;16;0;2;1;0;19"
38,2,False,"body_mass_g",3537.50,"3;6",97,"0;96;1;1","19;1;0;19"
38,3,False,"body_mass_g",3512.50,"4;5",47,"1;1;0;46","12;1;0;12"
38,4,True,"","","",46,"0;46","12;1;0;12"
38,5,True,"","","",1,"1;1","0"
38,6,True,"","","",50,"0;50","7;1;0;7"
38,7,False,"island",1.50,"8;11",94,"0;48;1;46","19;0;1;1;2;1;16;0;2"
38,8,False,"bill_length_mm",42.75,"9;10",73,"1;46;0;27","19;0;1;1;2;1;16;0;2"
38,9,True,"","","",27,"0;27","2;2;0;2"
38,10,True,"","","",46,"1;46","17;0;1;1;2;1;16"
38,11,True,"","","",21,"0;21","0"
38,12,False,"bill_depth_mm",17.35,"13;14",113,"0;7;2;106","2;1;0;2"
38,13,True,"","","",106,"2;106","0"
38,14,True,"","","",7,"0;7","2;1;0;2"
39,0,False,"body_mass_g",4337.50,"1;12",332,"2;123;1;66;0;143","12;1;2;1;0;1;2;1;1;0;1;7;2;2"
39,1,False,"bill_length_mm",42.40,"2;7",199,"1;62;2;9;0;128","10;0;1;7;2;2;1;0;1"
39,2,False,"flipper_length_mm",207.50,"3;6",129,"2;1;0;128","2;0;2;1;1;0;1"
39,3,False,"bill_depth_mm",16.70,"4;5",128,"0;128","1;1;0;1"
39,4,True,"","","",10,"0;10","1;1;0;1"
39,5,True,"","","",118,"0;118","0"
39,6,True,"","","",1,"2;1","1;0;2;1"
39,7,False,"island",0.50,"8;9",70,"1;62;2;8","8;0;1;7;2;1"
39,8,True,"","","",8,"2;8","1;0;2;1"
39,9,False,"flipper_length_mm",196.00,"10;11",62,"1;62","7;0;1;7"
39,10,True,"","","",35,"1;35","3;0;1;3"
39,11,True,"","","",27,"1;27","4;0;1;4"
39,12,False,"bill_length_mm",40.25,"13;14",133,"2;114;1;4;0;15","2;1;2;1;2;1;1"
39,13,True,"","","",6,"0;6","0"
39,14,False,"flipper_length_mm",206.00,"15;18",127,"2;114;1;4;0;9","2;1;2;1;2;1;1"
39,15,False,"bill_length_mm",47.40,"16;17",13,"1;4;0;9","1;2;1;1"
39,16,True,"","","",9,"0;9","0"
39,17,True,"","","",4,"1;4","1;2;1;1"
39,18,False,"flipper_length_mm",210.50,"19;20",114,"2;114","1;1;2;1"
39,19,True,"","","",16,"2;16","1;1;2;1"
39,20,True,"","","",98,"2;98","0"
40,0,False,"flipper_length_mm",206.00,"1;12",330,"1;62;0;146;2;122","14;0;1;5;2;1;2;1;2;1;0;6"
40,1,False,"bill_length_mm",43.15,"2;7",203,"0;145;2;1;1;57","12;1;0;6;0;2;1;1;4;2;1;1"
40,2,False,"sex",0.50,"3;6",143,"0;143","4;1;0;4"
40,3,False,"island",0.50,"4;5",73,"0;73","4;1;0;4"
40,4,True,"","","",22,"0;22","0"
40,5,True,"","","",51,"0;51","4;1;0;4"
40,6,True,"","","",70,"0;70","0"
40,7,False,"bill_depth_mm",20.15,"8;11",60,"0;2;2;1;1;57","8;1;0;2;0;2;1;1;4;2;1;1"
40,8,False,"sex",1.50,"9;10",58,"2;1;1;57","6;0;2;1;1;4;2;1;1"
40,9,True,"","","",57,"1;57","5;0;1;4;2;1;1"
40,10,True,"","","",1,"2;1","1;0;2;1"
40,11,True,"","","",2,"0;2","2;1;0;2"
40,12,False,"body_mass_g",4050.00,"13;14",127,"1;5;0;1;2;121","2;0;1;1;2;1;1"
40,13,True,"","","",2,"1;2","2;0;1;1;2;1;1"
40,14,False,"bill_depth_mm",18.10,"15;16",125,"1;3;0;1;2;121","0"
40,15,True,"","","",121,"2;121","0"
40,16,False,"bill_length_mm",44.90,"17;18",4,"1;3;0;1","0"
40,17,True,"","","",1,"0;1","0"
40,18,True,"","","",3,"1;3","0"
41,0,False,"bill_depth_mm",15.95,"1;4",333,"2;123;0;143;1;67","11;0;1;9;2;1;1;1;0;1"
41,1,False,"island",0.50,"2;3",103,"0;2;2;101","0"
41,2,True,"","","",101,"2;101","0"
41,3,True,"","","",2,"0;2","0"
41,4,False,"body_mass_g",5050.00,"5;10",230,"2;22;0;141;1;67","11;0;1;9;2;1;1;1;0;1"
41,5,False,"island",1.50,"6;9",208,"0;141;1;67","11;0;1;9;2;1;1;1;0;1"
41,6,False,"bill_length_mm",41.90,"7;8",157,"1;67;0;90","11;0;1;9;2;1;1;1;0;1"
41,7,True,"","","",90,"0;90","1;1;0;1"
41,8,True,"","","",67,"1;67","10;0;1;9;2;1;1"
41,9,True,"","","",51,"0;51","0"
41,10,True,"","","",22,"2;22","0"
42,0,False,"flipper_length_mm",208.50,"1;14",333,"1;67;2;124;0;142","11;0;2;1;1;9;1;0;1"
42,1,False,"island",0.50,"2;7",215,"1;63;0;142;2;10","10;0;1;9;1;0;1"
42,2,False,"bill_depth_mm",15.85,"3;4",54,"2;10;0;44","0"
42,3,True,"","","",9,"2;9","0"
42,4,False,"sex",1.50,"5;6",45,"2;1;0;44","0"
42,5,True,"","","",44,"0;44","0"
42,6,True,"","","",1,"2;1","0"
42,7,False,"bill_length_mm",42.40,"8;11",161,"1;63;0;98","10;0;1;9;1;0;1"
42,8,False,"bill_depth_mm",16.65,"9;10",98,"0;98","1;1;0;1"
42,9,True,"","","",6,"0;6","1;1;0;1"
42,10,True,"","","",92,"0;92","0"
42,11,False,"bill_length_mm",46.20,"12;13",63,"1;63","9;0;1;9"
42,12,True,"","","",16,"1;16","9;0;1;9"
42,13,True,"","","",47,"1;47","0"
42,14,False,"bill_depth_mm",18.40,"15;16",118,"1;4;2;114","1;0;2;1"
42,15,True,"","","",114,"2;114","1;0;2;1"
42,16,True,"","","",4,"1;4","0"
43,0,False,"bill_depth_mm",16.40,"1;4",329,"2;124;1;66;0;139","15;0;2;1;1;12;1;0;2"
43,1,False,"body_mass_g",3725.00,"2;3",121,"2;115;0;6","1;1;0;1"
43,2,True,"","","",6,"0;6","1;1;0;1"
43,3,True,"","","",115,"2;115","0"
43,4,False,"body_mass_g",5025.00,"5;10",208,"2;9;1;66;0;133","14;0;2;1;1;12;1;0;1"
43,5,False,"bill_length_mm",42.35,"6;7",200,"2;1;1;66;0;133","14;0;2;1;1;12;1;0;1"
43,6,True,"","","",133,"0;133","1;1;0;1"
43,7,False,"sex",1.50,"8;9",67,"2;1;1;66","13;0;2;1;1;12"
43,8,True,"","","",66,"1;66","12;0;1;12"
43,9,True,"","","",1,"2;1","1;0;2;1"
43,10,True,"","","",8,"2;8","0"
44,0,False,"bill_depth_mm",16.05,"1;4",330,"2;121;1;62;0;147","14;0;1;5;2;1;3;1;0;6"
44,1,False,"body_mass_g",3612.50,"2;3",107,"2;104;0;3","0"
44,2,True,"","","",3,"0;3","0"
44,3,True,"","","",104,"2;104","0"
44,4,False,"bill_length_mm",45.65,"5;12",223,"2;17;1;62;0;144","14;0;1;5;2;1;3;1;0;6"
44,5,False,"bill_length_mm",43.80,"6;9",149,"0;144;1;5","12;0;1;3;2;1;3;1;0;6"
44,6,False,"flipper_length_mm",187.50,"7;8",143,"0;143","6;1;0;6"
44,7,True,"","","",52,"0;52","5;1;0;5"
44,8,True,"","","",91,"0;91","1;1;0;1"
44,9,False,"bill_depth_mm",19.85,"10;11",6,"0;1;1;5","6;0;1;3;2;1;3"
44,10,True,"","","",5,"1;5","6;0;1;3;2;1;3"
44,11,True,"","","",1,"0;1","0"
44,12,False,"body_mass_g",5050.00,"13;16",74,"2;17;1;57","2;0;1;2"
44,13,False,"bill_length_mm",46.20,"14;15",57,"1;57","2;0;1;2"
44,14,True,"","","",6,"1;6","2;0;1;2"
44,15,True,"","","",51,"1;51","0"
44,16,True,"","","",17,"2;17","0"
45,0,False,"flipper_length_mm",207.50,"1;14",325,"2;121;1;56;0;148","19;2;0;2;1;1;0;2;2;1;2;1;2;1;0;11"
45,1,False,"flipper_length_mm",196.50,"2;9",200,"1;52;2;2;0;146","17;2;1;1;0;2;2;1;2;1;2;1;0;11"
45,2,False,"sex",0.50,"3;6",154,"0;127;1;27","12;1;0;10;0;1;2"
45,3,False,"bill_length_mm",42.15,"4;5",95,"1;26;0;69","2;0;1;1;1;0;1"
45,4,True,"","","",69,"0;69","1;1;0;1"
45,5,True,"","","",26,"1;26","1;0;1;1"
45,6,False,"body_mass_g",3275.00,"7;8",59,"0;58;1;1","10;1;0;9;0;1;1"
45,7,True,"","","",1,"1;1","1;0;1;1"
45,8,True,"","","",58,"0;58","9;1;0;9"
45,9,False,"bill_length_mm",45.98,"10;13",46,"1;25;2;2;0;19","5;2;1;1;0;2;2;1;2;1;0;1"
45,10,False,"bill_length_mm",43.77,"11;12",21,"2;2;0;19","4;0;2;2;1;2;1;0;1"
45,11,True,"","","",19,"0;19","1;1;0;1"
45,12,True,"","","",2,"2;2","3;0;2;2;1;2;1"
45,13,True,"","","",25,"1;25","1;2;1;1"
45,14,False,"flipper_length_mm",212.50,"15;20",125,"2;119;1;4;0;2","2;2;0;2"
45,15,False,"sex",0.50,"16;17",34,"1;4;0;2;2;28","2;2;0;2"
45,16,True,"","","",28,"2;28","0"
45,17,False,"bill_length_mm",48.85,"18;19",6,"1;4;0;2","2;2;0;2"
45,18,True,"","","",2,"0;2","2;2;0;2"
45,19,True,"","","",4,"1;4","0"
45,20,True,"","","",91,"2;91","0"
46,0,False,"bill_length_mm",43.15,"1;10",334,"0;147;1;65;2;122","10;0;2;1;1;4;2;0;2;1;0;3"
46,1,False,"bill_depth_mm",14.85,"2;3",148,"0;140;1;1;2;7","7;1;0;3;0;1;4"
46,2,True,"","","",7,"2;7","0"
46,3,False,"bill_depth_mm",16.75,"4;7",141,"0;140;1;1","7;1;0;3;0;1;4"
46,4,False,"body_mass_g",3300.00,"5;6",8,"1;1;0;7","5;0;1;4;1;0;1"
46,5,True,"","","",7,"0;7","1;1;0;1"
46,6,True,"","","",1,"1;1","4;0;1;4"
46,7,False,"bill_length_mm",42.40,"8;9",133,"0;133","2;1;0;2"
46,8,True,"","","",128,"0;128","0"
46,9,True,"","","",5,"0;5","2;1;0;2"
46,10,False,"island",0.50,"11;16",186,"0;7;1;64;2;115","3;0;2;1;2;0;2"
46,11,False,"body_mass_g",4625.00,"12;15",116,"2;115;0;1","3;0;2;1;2;0;2"
46,12,False,"sex",0.50,"13;14",22,"0;1;2;21","2;2;0;2"
46,13,True,"","","",21,"2;21","0"
46,14,True,"","","",1,"0;1","2;2;0;2"
46,15,True,"","","",94,"2;94","1;0;2;1"
46,16,False,"bill_length_mm",44.75,"17;20",70,"0;6;1;64","0"
46,17,False,"body_mass_g",3700.00,"18;19",6,"0;4;1;2","0"
46,18,True,"","","",2,"1;2","0"
46,19,True,"","","",4,"0;4","0"
46,20,False,"island",1.50,"21;22",64,"0;2;1;62","0"
46,21,True,"","","",62,"1;62","0"
46,22,True,"","","",2,"0;2","0"
47,0,False,"bill_length_mm",43.15,"1;10",334,"1;64;0;146;2;124","10;0;1;5;2;1;1;0;4"
47,1,False,"bill_depth_mm",15.40,"2;3",151,"0;144;2;7","4;1;0;4"
47,2,True,"","","",7,"2;7","0"
47,3,False,"bill_depth_mm",16.65,"4;7",144,"0;144","4;1;0;4"
47,4,False,"bill_depth_mm",16.55,"5;6",10,"0;10","1;1;0;1"
47,5,True,"","","",8,"0;8","0"
47,6,True,"","","",2,"0;2","1;1;0;1"
47,7,False,"bill_depth_mm",17.35,"8;9",134,"0;134","3;1;0;3"
47,8,True,"","","",26,"0;26","3;1;0;3"
47,9,True,"","","",108,"0;108","0"
47,10,False,"island",0.50,"11;16",183,"1;64;0;2;2;117","6;0;1;5;2;1"
47,11,False,"bill_length_mm",45.65,"12;15",118,"2;117;0;1","1;0;2;1"
47,12,False,"bill_length_mm",45.55,"13;14",32,"0;1;2;31","1;0;2;1"
47,13,True,"","","",31,"2;31","1;0;2;1"
47,14,True,"","","",1,"0;1","0"
47,15,True,"","","",86,"2;86","0"
47,16,False,"bill_length_mm",44.75,"17;20",65,"1;64;0;1","5;0;1;5"
47,17,False,"flipper_length_mm",206.00,"18;19",3,"0;1;1;2","3;0;1;3"
47,18,True,"","","",2,"1;2","3;0;1;3"
47,19,True,"","","",1,"0;1","0"
47,20,True,"","","",62,"1;62","2;0;1;2"
48,0,False,"body_mass_g",4275.00,"1;10",323,"2;120;1;58;0;145","21;2;1;2;0;2;0;2;5;1;2;1;2;6;0;4"
48,1,False,"body_mass_g",2775.00,"2;3",183,"1;51;2;4;0;128","18;0;1;2;2;3;2;1;1;0;2;1;2;6;0;4"
48,2,True,"","","",1,"1;1","0"
48,3,False,"bill_length_mm",43.15,"4;7",182,"1;50;2;4;0;128","18;0;1;2;2;3;2;1;1;0;2;1;2;6;0;4"
48,4,False,"flipper_length_mm",187.50,"5;6",128,"0;128","6;2;0;2;1;0;4"
48,5,True,"","","",52,"0;52","4;1;0;4"
48,6,True,"","","",76,"0;76","2;2;0;2"
48,7,False,"bill_length_mm",45.55,"8;9",54,"1;50;2;4","12;0;1;2;2;3;2;1;1;1;2;6"
48,8,True,"","","",4,"2;4","9;0;2;3;1;2;6"
48,9,True,"","","",50,"1;50","3;0;1;2;2;1;1"
48,10,False,"body_mass_g",4712.50,"11;16",140,"2;116;1;7;0;17","3;2;1;1;0;2;2"
48,11,False,"bill_depth_mm",16.30,"12;13",50,"1;6;0;17;2;27","0"
48,12,True,"","","",27,"2;27","0"
48,13,False,"bill_length_mm",47.30,"14;15",23,"1;6;0;17","0"
48,14,True,"","","",17,"0;17","0"
48,15,True,"","","",6,"1;6","0"
48,16,False,"flipper_length_mm",210.50,"17;20",90,"2;89;1;1","3;2;1;1;0;2;2"
48,17,False,"flipper_length_mm",209.50,"18;19",5,"1;1;2;4","3;2;1;1;0;2;2"
48,18,True,"","","",4,"2;4","2;0;2;2"
48,19,True,"","","",1,"1;1","1;2;1;1"
48,20,True,"","","",85,"2;85","0"
49,0,False,"island",0.50,"1;6",297,"0;139;1;34;2;124","47;1;0;34;0;1;10;2;3"
49,1,False,"flipper_length_mm",195.50,"2;3",165,"0;41;2;124","3;0;2;3"
49,2,True,"","","",37,"0;37","0"
49,3,False,"bill_depth_mm",18.40,"4;5",128,"0;4;2;124","3;0;2;3"
49,4,True,"","","",124,"2;124","3;0;2;3"
49,5,True,"","","",4,"0;4","0"
49,6,False,"island",1.50,"7;14",132,"0;98;1;34","44;1;0;34;0;1;10"
49,7,False,"flipper_length_mm",192.50,"8;11",80,"0;46;1;34","44;1;0;34;0;1;10"
49,8,False,"body_mass_g",2950.00,"9;10",40,"0;38;1;2","19;1;0;18;0;1;1"
49,9,True,"","","",2,"1;2","1;0;1;1"
49,10,True,"","","",38,"0;38","18;1;0;18"
49,11,False,"body_mass_g",3975.00,"12;13",40,"0;8;1;32","25;1;0;16;0;1;9"
49,12,True,"","","",32,"1;32","9;0;1;9"
49,13,True,"","","",8,"0;8","16;1;0;16"
49,14,True,"","","",52,"0;52","0"
50,0,False,"body_mass_g",4562.50,"1;12",329,"1;67;2;123;0;139","15;0;1;13;1;0;1;2;0;1"
50,1,False,"flipper_length_mm",194.50,"2;7",217,"1;66;0;133;2;18","14;0;1;12;1;0;1;2;0;1"
50,2,False,"island",1.50,"3;6",125,"0;98;1;27","11;0;1;11"
50,3,False,"bill_length_mm",40.75,"4;5",92,"1;27;0;65","11;0;1;11"
50,4,True,"","","",65,"0;65","0"
50,5,True,"","","",27,"1;27","11;0;1;11"
50,6,True,"","","",33,"0;33","0"
50,7,False,"bill_depth_mm",15.50,"8;9",92,"1;39;0;35;2;18","3;0;1;1;1;0;1;2;0;1"
50,8,True,"","","",18,"2;18","0"
50,9,False,"bill_length_mm",44.90,"10;11",74,"1;39;0;35","3;0;1;1;1;0;1;2;0;1"
50,10,True,"","","",35,"0;35","2;1;0;1;2;0;1"
50,11,True,"","","",39,"1;39","1;0;1;1"
50,12,False,"flipper_length_mm",199.00,"13;14",112,"1;1;2;105;0;6","1;0;1;1"
50,13,True,"","","",6,"0;6","0"
50,14,False,"bill_depth_mm",18.85,"15;16",106,"1;1;2;105","1;0;1;1"
50,15,True,"","","",105,"2;105","0"
50,16,True,"","","",1,"1;1","1;0;1;1"
51,0,False,"body_mass_g",4537.50,"1;12",330,"1;63;0;145;2;122","14;0;2;2;1;5;1;0;5;2;0;2"
51,1,False,"bill_length_mm",43.15,"2;7",217,"0;140;1;61;2;16","12;1;0;5;0;1;5;2;0;2"
51,2,False,"body_mass_g",3375.00,"3;6",139,"0;139","6;1;0;4;2;0;2"
51,3,False,"island",0.50,"4;5",39,"0;39","3;1;0;3"
51,4,True,"","","",11,"0;11","0"
51,5,True,"","","",28,"0;28","3;1;0;3"
51,6,True,"","","",100,"0;100","3;1;0;1;2;0;2"
51,7,False,"island",0.50,"8;9",78,"0;1;1;61;2;16","6;1;0;1;0;1;5"
51,8,True,"","","",16,"2;16","0"
51,9,False,"bill_depth_mm",20.75,"10;11",62,"0;1;1;61","6;1;0;1;0;1;5"
51,10,True,"","","",61,"1;61","5;0;1;5"
51,11,True,"","","",1,"0;1","1;1;0;1"
51,12,False,"island",0.50,"13;18",113,"1;2;0;5;2;106","2;0;2;2"
51,13,False,"body_mass_g",4625.00,"14;17",107,"2;106;0;1","2;0;2;2"
51,14,False,"sex",0.50,"15;16",8,"0;1;2;7","0"
51,15,True,"","","",7,"2;7","0"
51,16,True,"","","",1,"0;1","0"
51,17,True,"","","",99,"2;99","2;0;2;2"
51,18,False,"bill_length_mm",47.45,"19;20",6,"1;2;0;4","0"
51,19,True,"","","",4,"0;4","0"
51,20,True,"","","",2,"1;2","0"
52,0,False,"flipper_length_mm",206.50,"1;16",294,"2;122;1;50;0;122","50;2;1;2;0;1;30;1;0;18"
52,1,False,"flipper_length_mm",191.50,"2;9",165,"1;45;0;120","50;2;1;2;0;1;30;1;0;18"
52,2,False,"sex",0.50,"3;6",94,"0;94","18;1;0;18"
52,3,False,"island",1.50,"4;5",57,"0;57","16;1;0;16"
52,4,True,"","","",37,"0;37","16;1;0;16"
52,5,True,"","","",20,"0;20","0"
52,6,False,"bill_depth_mm",18.80,"7;8",37,"0;37","2;1;0;2"
52,7,True,"","","",18,"0;18","2;1;0;2"
52,8,True,"","","",19,"0;19","0"
52,9,False,"flipper_length_mm",200.00,"10;13",71,"1;45;0;26","32;2;1;2;0;1;30"
52,10,False,"island",1.50,"11;12",53,"0;21;1;32","31;0;1;30;2;1;1"
52,11,True,"","","",32,"1;32","31;0;1;30;2;1;1"
52,12,True,"","","",21,"0;21","0"
52,13,False,"bill_length_mm",42.50,"14;15",18,"1;13;0;5","1;2;1;1"
52,14,True,"","","",5,"0;5","0"
52,15,True,"","","",13,"1;13","1;2;1;1"
52,16,False,"body_mass_g",4337.50,"17;22",129,"2;122;1;5;0;2","0"
52,17,False,"bill_length_mm",47.40,"18;21",14,"1;4;0;2;2;8","0"
52,18,False,"bill_depth_mm",16.75,"19;20",10,"0;2;2;8","0"
52,19,True,"","","",8,"2;8","0"
52,20,True,"","","",2,"0;2","0"
52,21,True,"","","",4,"1;4","0"
52,22,False,"bill_length_mm",51.65,"23;24",115,"2;114;1;1","0"
52,23,True,"","","",106,"2;106","0"
52,24,False,"body_mass_g",5125.00,"25;26",9,"2;8;1;1","0"
52,25,True,"","","",1,"1;1","0"
52,26,True,"","","",8,"2;8","0"
53,0,False,"bill_depth_mm",15.95,"1;4",326,"2;122;1;57;0;147","18;0;1;2;2;3;1;0;11;2;0;2"
53,1,False,"flipper_length_mm",198.00,"2;3",103,"2;101;0;2","0"
53,2,True,"","","",2,"0;2","0"
53,3,True,"","","",101,"2;101","0"
53,4,False,"bill_length_mm",45.65,"5;12",223,"2;21;1;57;0;145","18;0;1;2;2;3;1;0;11;2;0;2"
53,5,False,"sex",1.50,"6;9",146,"0;145;2;1","16;0;2;3;1;0;11;2;0;2"
53,6,False,"bill_length_mm",43.15,"7;8",142,"0;142","13;1;0;11;2;0;2"
53,7,True,"","","",137,"0;137","4;1;0;4"
53,8,True,"","","",5,"0;5","9;1;0;7;2;0;2"
53,9,False,"bill_depth_mm",18.10,"10;11",4,"0;3;2;1","3;0;2;3"
53,10,True,"","","",1,"2;1","3;0;2;3"
53,11,True,"","","",3,"0;3","0"
53,12,False,"body_mass_g",5100.00,"13;14",77,"2;20;1;57","2;0;1;2"
53,13,True,"","","",57,"1;57","2;0;1;2"
53,14,True,"","","",20,"2;20","0"
54,0,False,"flipper_length_mm",207.50,"1;10",289,"1;46;0;122;2;121","55;0;1;30;1;0;22;2;1;3"
54,1,False,"island",1.50,"2;9",162,"0;120;1;42","55;0;1;30;1;0;22;2;1;3"
54,2,False,"bill_depth_mm",19.35,"3;6",111,"1;42;0;69","55;0;1;30;1;0;22;2;1;3"
54,3,False,"flipper_length_mm",191.50,"4;5",89,"1;31;0;58","47;0;1;26;2;1;3;1;0;18"
54,4,True,"","","",58,"0;58","18;1;0;18"
54,5,True,"","","",31,"1;31","29;0;1;26;2;1;3"
54,6,False,"flipper_length_mm",196.50,"7;8",22,"1;11;0;11","8;0;1;4;1;0;4"
54,7,True,"","","",11,"0;11","4;1;0;4"
54,8,True,"","","",11,"1;11","4;0;1;4"
54,9,True,"","","",51,"0;51","0"
54,10,False,"island",0.50,"11;12",127,"1;4;0;2;2;121","0"
54,11,True,"","","",121,"2;121","0"
54,12,False,"bill_length_mm",46.55,"13;14",6,"1;4;0;2","0"
54,13,True,"","","",2,"0;2","0"
54,14,True,"","","",4,"1;4","0"
55,0,False,"bill_length_mm",42.80,"1;10",326,"1;62;0;143;2;121","18;1;0;6;0;2;1;1;8;2;1;3"
55,1,False,"flipper_length_mm",209.00,"2;9",147,"2;4;0;142;1;1","5;1;0;3;2;1;2"
55,2,False,"bill_depth_mm",16.65,"3;6",143,"0;142;1;1","5;1;0;3;2;1;2"
55,3,False,"bill_length_mm",39.30,"4;5",11,"1;1;0;10","2;2;1;2"
55,4,True,"","","",10,"0;10","0"
55,5,True,"","","",1,"1;1","2;2;1;2"
55,6,False,"bill_length_mm",42.40,"7;8",132,"0;132","3;1;0;3"
55,7,True,"","","",129,"0;129","0"
55,8,True,"","","",3,"0;3","3;1;0;3"
55,9,True,"","","",4,"2;4","0"
55,10,False,"flipper_length_mm",206.00,"11;14",179,"1;61;0;1;2;117","13;1;0;3;0;2;1;1;8;2;1;1"
55,11,False,"sex",1.50,"12;13",60,"2;1;1;59","10;0;2;1;1;8;2;1;1"
55,12,True,"","","",59,"1;59","9;0;1;8;2;1;1"
55,13,True,"","","",1,"2;1","1;0;2;1"
55,14,False,"bill_depth_mm",17.55,"15;16",119,"1;2;0;1;2;116","3;1;0;3"
55,15,True,"","","",116,"2;116","0"
55,16,False,"body_mass_g",4150.00,"17;18",3,"1;2;0;1","3;1;0;3"
55,17,True,"","","",1,"0;1","3;1;0;3"
55,18,True,"","","",2,"1;2","0"
56,0,False,"body_mass_g",4562.50,"1;10",322,"1;67;2;123;0;132","22;0;2;5;1;15;2;1;1;1;0;1"
56,1,False,"island",1.50,"2;9",214,"0;130;1;66;2;18","17;0;1;15;2;1;1;1;0;1"
56,2,False,"flipper_length_mm",196.50,"3;6",164,"1;66;2;18;0;80","17;0;1;15;2;1;1;1;0;1"
56,3,False,"bill_length_mm",42.05,"4;5",116,"1;36;0;80","6;0;1;5;1;0;1"
56,4,True,"","","",80,"0;80","1;1;0;1"
56,5,True,"","","",36,"1;36","5;0;1;5"
56,6,False,"bill_depth_mm",15.50,"7;8",48,"1;30;2;18","11;0;1;10;2;1;1"
56,7,True,"","","",18,"2;18","0"
56,8,True,"","","",30,"1;30","11;0;1;10;2;1;1"
56,9,True,"","","",50,"0;50","0"
56,10,False,"bill_length_mm",43.10,"11;14",108,"1;1;2;105;0;2","5;0;2;5"
56,11,False,"island",1.00,"12;13",7,"0;2;2;5","3;0;2;3"
56,12,True,"","","",5,"2;5","3;0;2;3"
56,13,True,"","","",2,"0;2","0"
56,14,False,"bill_length_mm",51.55,"15;18",101,"1;1;2;100","2;0;2;2"
56,15,False,"body_mass_g",4625.00,"16;17",92,"2;92","2;0;2;2"
56,16,True,"","","",6,"2;6","1;0;2;1"
56,17,True,"","","",86,"2;86","1;0;2;1"
56,18,False,"island",0.50,"19;20",9,"1;1;2;8","0"
56,19,True,"","","",8,"2;8","0"
56,20,True,"","","",1,"1;1","0"
57,0,False,"bill_length_mm",43.25,"1;8",338,"0;146;1;68;2;124","6;0;1;5;2;1"
57,1,False,"bill_length_mm",40.85,"2;3",157,"2;8;0;144;1;5","2;0;2;1;1;1"
57,2,True,"","","",115,"0;115","0"
57,3,False,"flipper_length_mm",204.50,"4;7",42,"2;8;0;29;1;5","2;0;2;1;1;1"
57,4,False,"bill_depth_mm",17.40,"5;6",34,"0;29;1;5","1;0;1;1"
57,5,True,"","","",5,"1;5","1;0;1;1"
57,6,True,"","","",29,"0;29","0"
57,7,True,"","","",8,"2;8","1;0;2;1"
57,8,False,"island",0.50,"9;14",181,"0;2;1;63;2;116","4;0;1;4"
57,9,False,"bill_length_mm",45.70,"10;13",117,"2;116;0;1","0"
57,10,False,"flipper_length_mm",194.00,"11;12",31,"2;30;0;1","0"
57,11,True,"","","",1,"0;1","0"
57,12,True,"","","",30,"2;30","0"
57,13,True,"","","",86,"2;86","0"
57,14,False,"bill_depth_mm",20.90,"15;18",64,"0;1;1;63","4;0;1;4"
57,15,False,"bill_depth_mm",19.65,"16;17",63,"1;63","4;0;1;4"
57,16,True,"","","",52,"1;52","3;0;1;3"
57,17,True,"","","",11,"1;11","1;0;1;1"
57,18,True,"","","",1,"0;1","0"
58,0,False,"flipper_length_mm",207.50,"1;10",304,"1;50;2;122;0;132","40;0;1;20;1;0;18;2;0;2"
58,1,False,"island",1.50,"2;9",179,"0;132;1;46;2;1","38;0;1;18;1;0;18;2;0;2"
58,2,False,"island",0.50,"3;6",128,"1;46;0;81;2;1","38;0;1;18;1;0;18;2;0;2"
58,3,False,"body_mass_g",4825.00,"4;5",45,"2;1;0;44","2;2;0;2"
58,4,True,"","","",44,"0;44","2;2;0;2"
58,5,True,"","","",1,"2;1","0"
58,6,False,"flipper_length_mm",191.50,"7;8",83,"1;46;0;37","36;0;1;18;1;0;18"
58,7,True,"","","",37,"0;37","18;1;0;18"
58,8,True,"","","",46,"1;46","18;0;1;18"
58,9,True,"","","",51,"0;51","0"
58,10,False,"island",0.50,"11;12",125,"1;4;2;121","2;0;1;2"
58,11,True,"","","",121,"2;121","0"
58,12,True,"","","",4,"1;4","2;0;1;2"
59,0,False,"bill_length_mm",41.65,"1;2",333,"1;63;0;149;2;121","11;0;1;3;1;0;5;2;0;3"
59,1,True,"","","",132,"0;132","2;1;0;1;2;0;1"
59,2,False,"island",0.50,"3;6",201,"1;63;0;17;2;121","9;0;1;3;1;0;4;2;0;2"
59,3,False,"flipper_length_mm",204.00,"4;5",126,"2;121;0;5","2;2;0;2"
59,4,True,"","","",5,"0;5","2;2;0;2"
59,5,True,"","","",121,"2;121","0"
59,6,False,"flipper_length_mm",198.50,"7;10",75,"1;63;0;12","7;0;1;3;1;0;4"
59,7,False,"bill_length_mm",44.85,"8;9",53,"1;41;0;12","6;0;1;2;1;0;4"
59,8,True,"","","",12,"0;12","4;1;0;4"
59,9,True,"","","",41,"1;41","2;0;1;2"
59,10,True,"","","",22,"1;22","1;0;1;1"
60,0,False,"flipper_length_mm",206.00,"1;10",335,"1;65;0;148;2;122","9;1;0;3;0;1;4;2;1;2"
60,1,False,"flipper_length_mm",191.50,"2;5",207,"0;146;1;61","8;1;0;2;0;1;4;2;1;2"
60,2,False,"bill_length_mm",42.40,"3;4",110,"1;17;0;93","2;0;1;1;1;0;1"
60,3,True,"","","",93,"0;93","1;1;0;1"
60,4,True,"","","",17,"1;17","1;0;1;1"
60,5,False,"bill_length_mm",43.20,"6;7",97,"0;53;1;44","6;1;0;1;0;1;3;2;1;2"
60,6,True,"","","",52,"0;52","0"
60,7,False,"bill_depth_mm",20.75,"8;9",45,"0;1;1;44","6;1;0;1;0;1;3;2;1;2"
60,8,True,"","","",44,"1;44","5;0;1;3;2;1;2"
60,9,True,"","","",1,"0;1","1;1;0;1"
60,10,False,"bill_depth_mm",17.65,"11;12",128,"1;4;0;2;2;122","1;1;0;1"
60,11,True,"","","",122,"2;122","0"
60,12,False,"bill_depth_mm",19.20,"13;14",6,"1;4;0;2","1;1;0;1"
60,13,True,"","","",2,"0;2","1;1;0;1"
60,14,True,"","","",4,"1;4","0"
61,0,False,"flipper_length_mm",206.50,"1;14",336,"1;67;2;123;0;146","8;0;1;4;2;2;2;0;1;1;0;1"
61,1,False,"bill_length_mm",43.30,"2;9",209,"0;146;2;1;1;62","6;2;0;1;0;2;1;1;3;1;0;1"
61,2,False,"bill_length_mm",42.40,"3;6",149,"0;145;1;4","1;1;0;1"
61,3,False,"body_mass_g",3225.00,"4;5",138,"0;138","1;1;0;1"
61,4,True,"","","",25,"0;25","1;1;0;1"
61,5,True,"","","",113,"0;113","0"
61,6,False,"sex",0.50,"7;8",11,"0;7;1;4","0"
61,7,True,"","","",4,"1;4","0"
61,8,True,"","","",7,"0;7","0"
61,9,False,"body_mass_g",4575.00,"10;13",60,"0;1;2;1;1;58","5;2;0;1;0;2;1;1;3"
61,10,False,"sex",1.50,"11;12",59,"2;1;1;58","4;0;2;1;1;3"
61,11,True,"","","",58,"1;58","3;0;1;3"
61,12,True,"","","",1,"2;1","1;0;2;1"
61,13,True,"","","",1,"0;1","1;2;0;1"
61,14,False,"bill_depth_mm",18.40,"15;16",127,"1;5;2;122","2;0;1;1;2;1"
61,15,True,"","","",122,"2;122","1;0;2;1"
61,16,True,"","","",5,"1;5","1;0;1;1"
62,0,False,"bill_depth_mm",16.45,"1;4",276,"2;123;0;148;1;5","68;1;0;62;2;1;2;0;1;0;1;4"
62,1,False,"bill_length_mm",38.55,"2;3",121,"2;115;0;6","1;1;2;1"
62,2,True,"","","",6,"0;6","0"
62,3,True,"","","",115,"2;115","1;1;2;1"
62,4,False,"body_mass_g",5025.00,"5;12",155,"2;8;0;142;1;5","67;1;0;62;2;0;1;0;1;4"
62,5,False,"bill_depth_mm",18.70,"6;9",147,"0;142;1;5","67;1;0;62;2;0;1;0;1;4"
62,6,False,"bill_depth_mm",16.70,"7;8",91,"0;86;1;5","36;1;0;31;2;0;1;0;1;4"
62,7,True,"","","",5,"1;5","4;0;1;4"
62,8,True,"","","",86,"0;86","32;1;0;31;2;0;1"
62,9,False,"body_mass_g",3512.50,"10;11",56,"0;56","31;1;0;31"
62,10,True,"","","",7,"0;7","3;1;0;3"
62,11,True,"","","",49,"0;49","28;1;0;28"
62,12,True,"","","",8,"2;8","0"
63,0,False,"flipper_length_mm",207.50,"1;16",331,"1;63;0;146;2;122","13;1;0;5;0;1;6;2;0;2"
63,1,False,"bill_length_mm",43.05,"2;9",205,"1;60;2;1;0;144","12;0;1;6;2;0;2;1;0;4"
63,2,False,"bill_depth_mm",16.75,"3;6",142,"0;142","4;1;0;4"
63,3,False,"body_mass_g",3212.50,"4;5",11,"0;11","2;1;0;2"
63,4,True,"","","",6,"0;6","1;1;0;1"
63,5,True,"","","",5,"0;5","1;1;0;1"
63,6,False,"bill_depth_mm",17.35,"7;8",131,"0;131","2;1;0;2"
63,7,True,"","","",25,"0;25","2;1;0;2"
63,8,True,"","","",106,"0;106","0"
63,9,False,"island",0.50,"10;13",63,"1;60;2;1;0;2","8;0;1;6;2;0;2"
63,10,False,"sex",1.50,"11;12",3,"2;1;0;2","2;2;0;2"
63,11,True,"","","",2,"0;2","2;2;0;2"
63,12,True,"","","",1,"2;1","0"
63,13,False,"body_mass_g",4075.00,"14;15",60,"1;60","6;0;1;6"
63,14,True,"","","",52,"1;52","2;0;1;2"
63,15,True,"","","",8,"1;8","4;0;1;4"
63,16,False,"island",0.50,"17;18",126,"1;3;0;2;2;121","1;1;0;1"
63,17,True,"","","",121,"2;121","0"
63,18,False,"bill_depth_mm",19.25,"19;20",5,"1;3;0;2","1;1;0;1"
63,19,True,"","","",2,"0;2","1;1;0;1"
63,20,True,"","","",3,"1;3","0"
64,0,False,"flipper_length_mm",206.50,"1;12",334,"1;68;0;144;2;122","10;0;1;8;2;1;2"
64,1,False,"bill_length_mm",42.40,"2;7",205,"0;142;1;63","10;0;1;8;2;1;2"
64,2,False,"bill_length_mm",40.80,"3;4",136,"0;135;1;1","3;0;1;3"
64,3,True,"","","",114,"0;114","0"
64,4,False,"bill_length_mm",41.00,"5;6",22,"0;21;1;1","3;0;1;3"
64,5,True,"","","",1,"1;1","3;0;1;3"
64,6,True,"","","",21,"0;21","0"
64,7,False,"island",1.50,"8;11",69,"0;7;1;62","7;0;1;5;2;1;2"
64,8,False,"body_mass_g",4275.00,"9;10",62,"1;62","7;0;1;5;2;1;2"
64,9,True,"","","",57,"1;57","3;0;1;2;2;1;1"
64,10,True,"","","",5,"1;5","4;0;1;3;2;1;1"
64,11,True,"","","",7,"0;7","0"
64,12,False,"island",0.50,"13;14",129,"1;5;0;2;2;122","0"
64,13,True,"","","",122,"2;122","0"
64,14,False,"bill_length_mm",46.55,"15;16",7,"1;5;0;2","0"
64,15,True,"","","",2,"0;2","0"
64,16,True,"","","",5,"1;5","0"
65,0,False,"flipper_length_mm",207.50,"1;14",336,"2;124;1;67;0;145","8;0;1;6;2;1;1;0;1"
65,1,False,"bill_length_mm",44.27,"2;9",211,"1;63;2;3;0;145","6;0;1;4;2;1;1;0;1"
65,2,False,"bill_length_mm",42.25,"3;6",150,"0;145;1;5","2;0;1;1;1;0;1"
65,3,False,"bill_depth_mm",16.75,"4;5",137,"0;137","1;1;0;1"
65,4,True,"","","",11,"0;11","1;1;0;1"
65,5,True,"","","",126,"0;126","0"
65,6,False,"bill_depth_mm",18.20,"7;8",13,"0;8;1;5","1;0;1;1"
65,7,True,"","","",5,"1;5","1;0;1;1"
65,8,True,"","","",8,"0;8","0"
65,9,False,"island",0.50,"10;11",61,"1;58;2;3","4;0;1;3;2;1"
65,10,True,"","","",3,"2;3","1;0;2;1"
65,11,False,"body_mass_g",4175.00,"12;13",58,"1;58","3;0;1;3"
65,12,True,"","","",53,"1;53","2;0;1;2"
65,13,True,"","","",5,"1;5","1;0;1;1"
65,14,False,"flipper_length_mm",212.50,"15;18",125,"2;121;1;4","2;0;1;2"
65,15,False,"island",0.50,"16;17",34,"1;4;2;30","2;0;1;2"
65,16,True,"","","",30,"2;30","0"
65,17,True,"","","",4,"1;4","2;0;1;2"
65,18,True,"","","",91,"2;91","0"
66,0,False,"bill_length_mm",43.25,"1;10",333,"2;122;0;149;1;62","11;1;2;1;0;5;0;1;1;2;2;2;1;1;0;1"
66,1,False,"body_mass_g",4425.00,"2;7",151,"0;144;2;7","8;0;2;2;1;0;5;2;0;1"
66,2,False,"flipper_length_mm",209.00,"3;6",137,"2;1;0;136","6;1;0;5;2;0;1"
66,3,False,"bill_length_mm",40.85,"4;5",136,"0;136","6;1;0;5;2;0;1"
66,4,True,"","","",110,"0;110","0"
66,5,True,"","","",26,"0;26","6;1;0;5;2;0;1"
66,6,True,"","","",1,"2;1","0"
66,7,False,"island",0.50,"8;9",14,"0;8;2;6","2;0;2;2"
66,8,True,"","","",6,"2;6","2;0;2;2"
66,9,True,"","","",8,"0;8","0"
66,10,False,"bill_depth_mm",17.20,"11;14",182,"2;115;0;5;1;62","3;1;2;1;0;1;1;2;1;1"
66,11,False,"island",0.50,"12;13",121,"1;8;2;113","0"
66,12,True,"","","",113,"2;113","0"
66,13,True,"","","",8,"1;8","0"
66,14,False,"body_mass_g",4575.00,"15;18",61,"2;2;0;5;1;54","3;1;2;1;0;1;1;2;1;1"
66,15,False,"island",1.50,"16;17",58,"0;4;1;54","2;0;1;1;2;1;1"
66,16,True,"","","",54,"1;54","2;0;1;1;2;1;1"
66,17,True,"","","",4,"0;4","0"
66,18,False,"flipper_length_mm",209.50,"19;20",3,"2;2;0;1","1;1;2;1"
66,19,True,"","","",1,"0;1","0"
66,20,True,"","","",2,"2;2","1;1;2;1"
67,0,False,"flipper_length_mm",207.50,"1;16",333,"1;63;0;146;2;124","11;0;1;5;2;1;1;0;5"
67,1,False,"bill_length_mm",43.15,"2;9",209,"0;145;1;61;2;3","8;0;1;4;2;1;1;0;3"
67,2,False,"bill_depth_mm",16.80,"3;6",144,"0;143;1;1","3;1;0;3"
67,3,False,"bill_length_mm",41.00,"4;5",14,"1;1;0;13","1;1;0;1"
67,4,True,"","","",13,"0;13","1;1;0;1"
67,5,True,"","","",1,"1;1","0"
67,6,False,"bill_length_mm",42.40,"7;8",130,"0;130","2;1;0;2"
67,7,True,"","","",125,"0;125","0"
67,8,True,"","","",5,"0;5","2;1;0;2"
67,9,False,"bill_depth_mm",17.55,"10;13",65,"0;2;1;60;2;3","5;0;1;4;2;1"
67,10,False,"body_mass_g",3975.00,"11;12",17,"2;3;1;14","1;0;2;1"
67,11,True,"","","",14,"1;14","0"
67,12,True,"","","",3,"2;3","1;0;2;1"
67,13,False,"island",1.50,"14;15",48,"0;2;1;46","4;0;1;4"
67,14,True,"","","",46,"1;46","4;0;1;4"
67,15,True,"","","",2,"0;2","0"
67,16,False,"sex",0.50,"17;18",124,"1;2;0;1;2;121","3;0;1;1;1;0;2"
67,17,True,"","","",56,"2;56","0"
67,18,False,"bill_depth_mm",17.65,"19;20",68,"1;2;0;1;2;65","3;0;1;1;1;0;2"
67,19,True,"","","",65,"2;65","0"
67,20,False,"body_mass_g",4150.00,"21;22",3,"1;2;0;1","3;0;1;1;1;0;2"
67,21,True,"","","",1,"0;1","2;1;0;2"
67,22,True,"","","",2,"1;2","1;0;1;1"
68,0,False,"flipper_length_mm",205.50,"1;12",336,"1;67;2;124;0;145","8;0;2;2;1;5;1;0;1"
68,1,False,"flipper_length_mm",191.50,"2;7",208,"1;61;2;2;0;145","6;0;1;5;1;0;1"
68,2,False,"body_mass_g",3712.50,"3;6",110,"0;93;1;17","2;0;1;1;1;0;1"
68,3,False,"bill_length_mm",41.80,"4;5",80,"1;17;0;63","2;0;1;1;1;0;1"
68,4,True,"","","",63,"0;63","1;1;0;1"
68,5,True,"","","",17,"1;17","1;0;1;1"
68,6,True,"","","",30,"0;30","0"
68,7,False,"bill_length_mm",43.35,"8;9",98,"1;44;2;2;0;52","4;0;1;4"
68,8,True,"","","",52,"0;52","0"
68,9,False,"island",0.50,"10;11",46,"1;44;2;2","4;0;1;4"
68,10,True,"","","",2,"2;2","0"
68,11,True,"","","",44,"1;44","4;0;1;4"
68,12,False,"bill_length_mm",48.90,"13;14",128,"1;6;2;122","2;0;2;2"
68,13,True,"","","",82,"2;82","2;0;2;2"
68,14,False,"bill_depth_mm",18.15,"15;16",46,"1;6;2;40","0"
68,15,True,"","","",40,"2;40","0"
68,16,True,"","","",6,"1;6","0"
69,0,False,"bill_length_mm",42.40,"1;8",325,"2;122;0;140;1;63","19;1;2;3;0;2;2;0;2;0;1;12"
69,1,False,"bill_depth_mm",15.35,"2;3",140,"0;136;1;1;2;3","3;0;1;3"
69,2,True,"","","",3,"2;3","0"
69,3,False,"bill_length_mm",40.85,"4;5",137,"0;136;1;1","3;0;1;3"
69,4,True,"","","",115,"0;115","0"
69,5,False,"bill_length_mm",41.00,"6;7",22,"0;21;1;1","3;0;1;3"
69,6,True,"","","",1,"1;1","3;0;1;3"
69,7,True,"","","",21,"0;21","0"
69,8,False,"flipper_length_mm",206.50,"9;16",185,"2;119;0;4;1;62","16;1;2;3;0;2;2;0;2;0;1;9"
69,9,False,"island",0.50,"10;13",66,"1;62;2;1;0;3","10;0;1;9;2;0;1"
69,10,False,"sex",1.50,"11;12",4,"2;1;0;3","1;2;0;1"
69,11,True,"","","",3,"0;3","1;2;0;1"
69,12,True,"","","",1,"2;1","0"
69,13,False,"bill_depth_mm",18.35,"14;15",62,"1;62","9;0;1;9"
69,14,True,"","","",32,"1;32","2;0;1;2"
69,15,True,"","","",30,"1;30","7;0;1;7"
69,16,False,"body_mass_g",4050.00,"17;18",119,"2;118;0;1","6;1;2;3;0;2;2;0;1"
69,17,True,"","","",1,"0;1","3;1;0;2;2;0;1"
69,18,False,"bill_length_mm",51.65,"19;20",118,"2;118","3;1;2;3"
69,19,True,"","","",110,"2;110","2;1;2;2"
69,20,True,"","","",8,"2;8","1;1;2;1"
70,0,False,"bill_length_mm",42.35,"1;4",328,"1;64;2;122;0;142","16;0;1;8;2;2;1;2;1;0;3;2;0;2"
70,1,False,"bill_depth_mm",15.35,"2;3",142,"0;139;2;3","1;1;0;1"
70,2,True,"","","",3,"2;3","0"
70,3,True,"","","",139,"0;139","1;1;0;1"
70,4,False,"body_mass_g",4075.00,"5;10",186,"1;64;2;119;0;3","15;0;1;8;2;2;1;2;1;0;2;2;0;2"
70,5,False,"flipper_length_mm",196.50,"6;7",57,"1;54;0;3","5;1;0;2;2;0;2;0;1;1"
70,6,True,"","","",34,"1;34","1;0;1;1"
70,7,False,"bill_length_mm",45.98,"8;9",23,"1;20;0;3","4;1;0;2;2;0;2"
70,8,True,"","","",3,"0;3","4;1;0;2;2;0;2"
70,9,True,"","","",20,"1;20","0"
70,10,False,"sex",0.50,"11;12",129,"1;10;2;119","10;0;1;7;2;2;1;2;1"
70,11,True,"","","",54,"2;54","1;1;2;1"
70,12,False,"island",0.50,"13;14",75,"1;10;2;65","9;0;1;7;2;2"
70,13,True,"","","",65,"2;65","2;0;2;2"
70,14,True,"","","",10,"1;10","7;0;1;7"
71,0,False,"bill_length_mm",42.40,"1;4",331,"2;123;0;142;1;66","13;1;0;2;0;1;10;2;1;1"
71,1,False,"flipper_length_mm",209.00,"2;3",142,"2;3;0;139","1;1;0;1"
71,2,True,"","","",139,"0;139","1;1;0;1"
71,3,True,"","","",3,"2;3","0"
71,4,False,"bill_depth_mm",16.30,"5;6",189,"2;120;0;3;1;66","12;1;0;1;0;1;10;2;1;1"
71,5,True,"","","",111,"2;111","0"
71,6,False,"body_mass_g",5025.00,"7;10",78,"2;9;0;3;1;66","12;1;0;1;0;1;10;2;1;1"
71,7,False,"body_mass_g",4575.00,"8;9",69,"0;3;1;66","12;1;0;1;0;1;10;2;1;1"
71,8,True,"","","",66,"1;66","11;0;1;10;2;1;1"
71,9,True,"","","",3,"0;3","1;1;0;1"
71,10,True,"","","",9,"2;9","0"
72,0,False,"bill_length_mm",41.80,"1;8",335,"0;148;1;66;2;121","9;1;0;2;0;1;4;2;0;3"
72,1,False,"sex",0.50,"2;7",133,"0;133","3;1;0;1;2;0;2"
72,2,False,"island",1.50,"3;6",72,"0;72","3;1;0;1;2;0;2"
72,3,False,"island",0.50,"4;5",48,"0;48","3;1;0;1;2;0;2"
72,4,True,"","","",22,"0;22","2;2;0;2"
72,5,True,"","","",26,"0;26","1;1;0;1"
72,6,True,"","","",24,"0;24","0"
72,7,True,"","","",61,"0;61","0"
72,8,False,"island",0.50,"9;12",202,"0;15;1;66;2;121","6;1;0;1;0;1;4;2;0;1"
72,9,False,"flipper_length_mm",202.00,"10;11",126,"2;121;0;5","1;2;0;1"
72,10,True,"","","",5,"0;5","1;2;0;1"
72,11,True,"","","",121,"2;121","0"
72,12,False,"body_mass_g",4625.00,"13;16",76,"0;10;1;66","5;1;0;1;0;1;4"
72,13,False,"island",1.50,"14;15",75,"0;9;1;66","4;0;1;4"
72,14,True,"","","",66,"1;66","4;0;1;4"
72,15,True,"","","",9,"0;9","0"
72,16,True,"","","",1,"0;1","1;1;0;1"
73,0,False,"bill_depth_mm",16.35,"1;4",334,"2;121;1;65;0;148","10;1;0;3;2;0;3;0;1;4"
73,1,False,"body_mass_g",3725.00,"2;3",120,"2;114;0;6","0"
73,2,True,"","","",6,"0;6","0"
73,3,True,"","","",114,"2;114","0"
73,4,False,"flipper_length_mm",196.50,"5;10",214,"2;7;1;65;0;142","10;1;0;3;2;0;3;0;1;4"
73,5,False,"bill_length_mm",42.35,"6;7",155,"0;119;1;36","5;0;1;4;1;0;1"
73,6,True,"","","",116,"0;116","1;1;0;1"
73,7,False,"island",1.50,"8;9",39,"0;3;1;36","4;0;1;4"
73,8,True,"","","",36,"1;36","4;0;1;4"
73,9,True,"","","",3,"0;3","0"
73,10,False,"bill_length_mm",45.80,"11;12",59,"2;7;1;29;0;23","5;1;0;2;2;0;3"
73,11,True,"","","",23,"0;23","5;1;0;2;2;0;3"
73,12,False,"body_mass_g",4975.00,"13;14",36,"2;7;1;29","0"
73,13,True,"","","",29,"1;29","0"
73,14,True,"","","",7,"2;7","0"
74,0,False,"flipper_length_mm",207.50,"1;10",333,"1;67;0;145;2;121","11;0;1;7;1;0;1;2;1;3"
74,1,False,"bill_length_mm",43.35,"2;7",208,"0;144;1;64","9;0;1;6;2;1;3"
74,2,False,"flipper_length_mm",187.50,"3;6",146,"0;141;1;5","4;0;1;4"
74,3,False,"bill_length_mm",40.75,"4;5",55,"1;5;0;50","4;0;1;4"
74,4,True,"","","",50,"0;50","0"
74,5,True,"","","",5,"1;5","4;0;1;4"
74,6,True,"","","",91,"0;91","0"
74,7,False,"island",1.50,"8;9",62,"0;3;1;59","5;0;1;2;2;1;3"
74,8,True,"","","",59,"1;59","5;0;1;2;2;1;3"
74,9,True,"","","",3,"0;3","0"
74,10,False,"island",0.50,"11;12",125,"1;3;0;1;2;121","2;0;1;1;1;0;1"
74,11,True,"","","",121,"2;121","0"
74,12,False,"body_mass_g",4050.00,"13;14",4,"1;3;0;1","2;0;1;1;1;0;1"
74,13,True,"","","",1,"0;1","1;1;0;1"
74,14,True,"","","",3,"1;3","1;0;1;1"
75,0,False,"bill_length_mm",43.25,"1;8",332,"2;121;1;62;0;149","12;1;2;1;0;5;2;1;3;0;1;3"
75,1,False,"bill_depth_mm",15.10,"2;3",154,"0;146;2;8","5;1;0;5"
75,2,True,"","","",8,"2;8","0"
75,3,False,"bill_depth_mm",16.70,"4;7",146,"0;146","5;1;0;5"
75,4,False,"island",1.50,"5;6",10,"0;10","2;1;0;2"
75,5,True,"","","",7,"0;7","2;1;0;2"
75,6,True,"","","",3,"0;3","0"
75,7,True,"","","",136,"0;136","3;1;0;3"
75,8,False,"body_mass_g",4175.00,"9;10",178,"2;113;1;62;0;3","7;1;2;1;2;1;3;0;1;3"
75,9,True,"","","",56,"1;56","5;0;1;3;2;1;2"
75,10,False,"bill_length_mm",48.90,"11;14",122,"2;113;1;6;0;3","2;1;2;1;2;1;1"
75,11,False,"bill_depth_mm",18.50,"12;13",77,"0;3;2;74","0"
75,12,True,"","","",74,"2;74","0"
75,13,True,"","","",3,"0;3","0"
75,14,False,"body_mass_g",4650.00,"15;16",45,"2;39;1;6","2;1;2;1;2;1;1"
75,15,True,"","","",6,"1;6","1;2;1;1"
75,16,True,"","","",39,"2;39","1;1;2;1"
76,0,False,"bill_length_mm",43.15,"1;8",331,"0;145;1;64;2;122","13;0;1;6;2;1;1;0;4;2;0;2"
76,1,False,"sex",0.50,"2;7",149,"0;144;2;5","6;1;0;4;2;0;2"
76,2,False,"body_mass_g",4250.00,"3;6",78,"2;5;0;73","6;1;0;4;2;0;2"
76,3,False,"bill_depth_mm",17.35,"4;5",73,"0;73","6;1;0;4;2;0;2"
76,4,True,"","","",31,"0;31","6;1;0;4;2;0;2"
76,5,True,"","","",42,"0;42","0"
76,6,True,"","","",5,"2;5","0"
76,7,True,"","","",71,"0;71","0"
76,8,False,"body_mass_g",4175.00,"9;14",182,"0;1;1;64;2;117","7;0;1;6;2;1"
76,9,False,"sex",1.50,"10;13",59,"2;2;1;57","4;0;2;1;1;3"
76,10,False,"bill_length_mm",43.35,"11;12",57,"1;57","3;0;1;3"
76,11,True,"","","",1,"1;1","1;0;1;1"
76,12,True,"","","",56,"1;56","2;0;1;2"
76,13,True,"","","",2,"2;2","1;0;2;1"
76,14,False,"bill_depth_mm",17.60,"15;16",123,"0;1;1;7;2;115","3;0;1;3"
76,15,True,"","","",115,"2;115","0"
76,16,False,"island",1.50,"17;18",8,"0;1;1;7","3;0;1;3"
76,17,True,"","","",7,"1;7","3;0;1;3"
76,18,True,"","","",1,"0;1","0"
77,0,False,"flipper_length_mm",206.50,"1;8",328,"1;55;0;150;2;123","16;0;1;1;2;1;2;1;1;1;0;13"
77,1,False,"island",1.50,"2;7",200,"0;149;1;50;2;1","15;2;1;1;0;2;1;1;0;13"
77,2,False,"bill_length_mm",45.75,"3;6",149,"1;50;2;1;0;98","15;2;1;1;0;2;1;1;0;13"
77,3,False,"sex",1.50,"4;5",99,"2;1;0;98","14;0;2;1;1;0;13"
77,4,True,"","","",98,"0;98","13;1;0;13"
77,5,True,"","","",1,"2;1","1;0;2;1"
77,6,True,"","","",50,"1;50","1;2;1;1"
77,7,True,"","","",51,"0;51","0"
77,8,False,"bill_depth_mm",17.65,"9;10",128,"1;5;0;1;2;122","1;0;1;1"
77,9,True,"","","",122,"2;122","0"
77,10,False,"body_mass_g",4050.00,"11;14",6,"1;5;0;1","1;0;1;1"
77,11,False,"bill_length_mm",46.55,"12;13",3,"1;2;0;1","0"
77,12,True,"","","",1,"0;1","0"
77,13,True,"","","",2,"1;2","0"
77,14,True,"","","",3,"1;3","1;0;1;1"
78,0,False,"bill_depth_mm",16.15,"1;8",332,"2;123;1;67;0;142","12;0;1;10;2;0;1;1;0;1"
78,1,False,"island",0.50,"2;7",113,"0;5;2;108","0"
78,2,False,"sex",0.50,"3;6",109,"2;108;0;1","0"
78,3,False,"bill_length_mm",39.30,"4;5",59,"2;58;0;1","0"
78,4,True,"","","",1,"0;1","0"
78,5,True,"","","",58,"2;58","0"
78,6,True,"","","",50,"2;50","0"
78,7,True,"","","",4,"0;4","0"
78,8,False,"bill_length_mm",42.40,"9;14",219,"2;15;1;67;0;137","12;0;1;10;2;0;1;1;0;1"
78,9,False,"bill_depth_mm",16.70,"10;13",134,"0;134","1;1;0;1"
78,10,False,"island",0.50,"11;12",5,"0;5","1;1;0;1"
78,11,True,"","","",3,"0;3","0"
78,12,True,"","","",2,"0;2","1;1;0;1"
78,13,True,"","","",129,"0;129","0"
78,14,False,"body_mass_g",5025.00,"15;18",85,"2;15;1;67;0;3","11;0;1;10;2;0;1"
78,15,False,"island",0.50,"16;17",70,"1;67;0;3","11;0;1;10;2;0;1"
78,16,True,"","","",3,"0;3","1;2;0;1"
78,17,True,"","","",67,"1;67","10;0;1;10"
78,18,True,"","","",15,"2;15","0"
79,0,False,"flipper_length_mm",206.50,"1;12",336,"1;65;0;147;2;124","8;1;0;3;0;1;2;2;3"
79,1,False,"bill_length_mm",42.40,"2;7",209,"0;145;1;62;2;2","6;0;1;2;2;3;1;0;1"
79,2,False,"flipper_length_mm",187.50,"3;6",138,"0;138","1;1;0;1"
79,3,False,"bill_depth_mm",16.80,"4;5",54,"0;54","1;1;0;1"
79,4,True,"","","",7,"0;7","1;1;0;1"
79,5,True,"","","",47,"0;47","0"
79,6,True,"","","",84,"0;84","0"
79,7,False,"island",1.50,"8;11",71,"0;7;1;62;2;2","5;0;1;2;2;3"
79,8,False,"island",0.50,"9;10",64,"1;62;2;2","5;0;1;2;2;3"
79,9,True,"","","",2,"2;2","3;0;2;3"
79,10,True,"","","",62,"1;62","2;0;1;2"
79,11,True,"","","",7,"0;7","0"
79,12,False,"island",0.50,"13;14",127,"1;3;0;2;2;122","2;1;0;2"
79,13,True,"","","",122,"2;122","0"
79,14,False,"body_mass_g",4050.00,"15;16",5,"1;3;0;2","2;1;0;2"
79,15,True,"","","",1,"0;1","2;1;0;2"
79,16,False,"bill_length_mm",44.90,"17;18",4,"1;3;0;1","0"
79,17,True,"","","",1,"0;1","0"
79,18,True,"","","",3,"1;3","0"
80,0,False,"body_mass_g",4362.50,"1;12",340,"1;67;0;151;2;122","4;0;1;1;1;0;1;2;0;2"
80,1,False,"island",0.50,"2;7",207,"0;137;1;62;2;8","4;0;1;1;1;0;1;2;0;2"
80,2,False,"bill_length_mm",42.90,"3;6",48,"2;8;0;40","2;2;0;2"
80,3,False,"bill_length_mm",41.55,"4;5",40,"0;40","2;2;0;2"
80,4,True,"","","",36,"0;36","0"
80,5,True,"","","",4,"0;4","2;2;0;2"
80,6,True,"","","",8,"2;8","0"
80,7,False,"bill_length_mm",42.40,"8;9",159,"0;97;1;62","2;0;1;1;1;0;1"
80,8,True,"","","",91,"0;91","1;1;0;1"
80,9,False,"island",1.50,"10;11",68,"0;6;1;62","1;0;1;1"
80,10,True,"","","",62,"1;62","1;0;1;1"
80,11,True,"","","",6,"0;6","0"
80,12,False,"bill_depth_mm",17.45,"13;14",133,"1;5;0;14;2;114","0"
80,13,True,"","","",114,"2;114","0"
80,14,False,"bill_length_mm",46.05,"15;16",19,"1;5;0;14","0"
80,15,True,"","","",14,"0;14","0"
80,16,True,"","","",5,"1;5","0"
81,0,False,"body_mass_g",4625.00,"1;14",331,"1;59;0;150;2;122","13;0;1;2;2;0;2;1;0;9"
81,1,False,"flipper_length_mm",202.50,"2;9",227,"1;58;0;146;2;23","12;2;0;2;1;0;9;0;1;1"
81,2,False,"bill_length_mm",44.75,"3;6",191,"0;143;1;48","11;1;0;9;0;1;1;2;0;1"
81,3,False,"body_mass_g",3375.00,"4;5",141,"0;141","7;1;0;6;2;0;1"
81,4,True,"","","",39,"0;39","4;1;0;4"
81,5,True,"","","",102,"0;102","3;1;0;2;2;0;1"
81,6,False,"body_mass_g",4175.00,"7;8",50,"0;2;1;48","4;1;0;3;0;1;1"
81,7,True,"","","",48,"1;48","1;0;1;1"
81,8,True,"","","",2,"0;2","3;1;0;3"
81,9,False,"sex",0.50,"10;11",36,"1;10;0;3;2;23","1;2;0;1"
81,10,True,"","","",23,"2;23","0"
81,11,False,"bill_length_mm",46.75,"12;13",13,"1;10;0;3","1;2;0;1"
81,12,True,"","","",3,"0;3","1;2;0;1"
81,13,True,"","","",10,"1;10","0"
81,14,False,"bill_length_mm",40.05,"15;16",104,"1;1;0;4;2;99","1;0;1;1"
81,15,True,"","","",2,"0;2","0"
81,16,False,"bill_depth_mm",17.45,"17;18",102,"1;1;0;2;2;99","1;0;1;1"
81,17,True,"","","",99,"2;99","0"
81,18,False,"body_mass_g",4750.00,"19;20",3,"1;1;0;2","1;0;1;1"
81,19,True,"","","",2,"0;2","0"
81,20,True,"","","",1,"1;1","1;0;1;1"
82,0,False,"island",0.50,"1;6",276,"0;143;1;10;2;123","68;0;1;5;2;4;1;0;58;2;0;1"
82,1,False,"body_mass_g",4000.00,"2;3",163,"2;123;0;40","5;0;2;4;2;0;1"
82,2,True,"","","",33,"0;33","1;2;0;1"
82,3,False,"flipper_length_mm",196.50,"4;5",130,"2;123;0;7","4;0;2;4"
82,4,True,"","","",7,"0;7","0"
82,5,True,"","","",123,"2;123","4;0;2;4"
82,6,False,"island",1.50,"7;12",113,"0;103;1;10","63;0;1;5;1;0;58"
82,7,False,"sex",1.50,"8;11",61,"0;51;1;10","63;0;1;5;1;0;58"
82,8,False,"bill_depth_mm",19.75,"9;10",60,"1;10;0;50","63;0;1;5;1;0;58"
82,9,True,"","","",50,"0;50","58;1;0;58"
82,10,True,"","","",10,"1;10","5;0;1;5"
82,11,True,"","","",1,"0;1","0"
82,12,True,"","","",52,"0;52","0"
83,0,False,"bill_depth_mm",16.40,"1;4",307,"2;123;0;141;1;43","37;1;0;24;2;1;2;0;1;0;1;11"
83,1,False,"bill_length_mm",39.30,"2;3",121,"2;115;0;6","1;1;2;1"
83,2,True,"","","",6,"0;6","0"
83,3,True,"","","",115,"2;115","1;1;2;1"
83,4,False,"flipper_length_mm",196.50,"5;12",186,"2;8;0;135;1;43","36;1;0;24;2;0;1;0;1;11"
83,5,False,"flipper_length_mm",186.50,"6;9",151,"1;35;0;116","9;0;1;7;1;0;2"
83,6,False,"bill_length_mm",44.05,"7;8",44,"1;3;0;41","1;1;0;1"
83,7,True,"","","",41,"0;41","1;1;0;1"
83,8,True,"","","",3,"1;3","0"
83,9,False,"bill_length_mm",42.40,"10;11",107,"1;32;0;75","8;0;1;7;1;0;1"
83,10,True,"","","",75,"0;75","1;1;0;1"
83,11,True,"","","",32,"1;32","7;0;1;7"
83,12,False,"body_mass_g",5025.00,"13;16",35,"2;8;0;19;1;8","27;1;0;22;2;0;1;0;1;4"
83,13,False,"body_mass_g",3762.50,"14;15",27,"0;19;1;8","27;1;0;22;2;0;1;0;1;4"
83,14,True,"","","",8,"1;8","4;0;1;4"
83,15,True,"","","",19,"0;19","23;1;0;22;2;0;1"
83,16,True,"","","",8,"2;8","0"
84,0,False,"bill_depth_mm",16.05,"1;4",334,"0;143;1;67;2;124","10;0;1;9;1;0;1"
84,1,False,"bill_length_mm",39.30,"2;3",107,"2;104;0;3","0"
84,2,True,"","","",3,"0;3","0"
84,3,True,"","","",104,"2;104","0"
84,4,False,"bill_length_mm",42.35,"5;10",227,"0;140;1;67;2;20","10;0;1;9;1;0;1"
84,5,False,"bill_depth_mm",16.70,"6;9",136,"0;136","1;1;0;1"
84,6,False,"bill_depth_mm",16.55,"7;8",7,"0;7","1;1;0;1"
84,7,True,"","","",5,"0;5","0"
84,8,True,"","","",2,"0;2","1;1;0;1"
84,9,True,"","","",129,"0;129","0"
84,10,False,"island",0.50,"11;14",91,"0;4;1;67;2;20","9;0;1;9"
84,11,False,"bill_depth_mm",17.80,"12;13",23,"0;3;2;20","0"
84,12,True,"","","",20,"2;20","0"
84,13,True,"","","",3,"0;3","0"
84,14,False,"bill_depth_mm",21.10,"15;16",68,"0;1;1;67","9;0;1;9"
84,15,True,"","","",67,"1;67","9;0;1;9"
84,16,True,"","","",1,"0;1","0"
85,0,False,"flipper_length_mm",207.50,"1;16",325,"2;121;1;59;0;145","19;1;0;9;2;1;2;0;1;0;1;7"
85,1,False,"flipper_length_mm",191.50,"2;9",201,"1;58;0;143","16;2;1;2;0;1;0;1;7;1;0;6"
85,2,False,"flipper_length_mm",186.50,"3;6",104,"1;13;0;91","8;0;1;3;1;0;5"
85,3,False,"bill_depth_mm",17.35,"4;5",44,"0;44","4;1;0;4"
85,4,True,"","","",16,"0;16","2;1;0;2"
85,5,True,"","","",28,"0;28","2;1;0;2"
85,6,False,"bill_length_mm",41.80,"7;8",60,"1;13;0;47","4;0;1;3;1;0;1"
85,7,True,"","","",47,"0;47","1;1;0;1"
85,8,True,"","","",13,"1;13","3;0;1;3"
85,9,False,"flipper_length_mm",202.50,"10;13",97,"1;45;0;52","8;2;1;2;0;1;0;1;4;1;0;1"
85,10,False,"bill_length_mm",43.83,"11;12",88,"1;38;0;50","6;0;1;4;2;1;1;1;0;1"
85,11,True,"","","",50,"0;50","1;1;0;1"
85,12,True,"","","",38,"1;38","5;0;1;4;2;1;1"
85,13,False,"bill_length_mm",47.90,"14;15",9,"1;7;0;2","2;2;1;1;0;1"
85,14,True,"","","",2,"0;2","1;2;0;1"
85,15,True,"","","",7,"1;7","1;2;1;1"
85,16,False,"body_mass_g",4337.50,"17;22",124,"2;121;1;1;0;2","3;1;0;3"
85,17,False,"island",0.50,"18;19",10,"0;2;2;8","3;1;0;3"
85,18,True,"","","",8,"2;8","0"
85,19,False,"island",1.50,"20;21",2,"0;2","3;1;0;3"
85,20,True,"","","",1,"0;1","3;1;0;3"
85,21,True,"","","",1,"0;1","0"
85,22,False,"body_mass_g",4825.00,"23;26",114,"2;113;1;1","0"
85,23,False,"island",0.50,"24;25",34,"1;1;2;33","0"
85,24,True,"","","",33,"2;33","0"
85,25,True,"","","",1,"1;1","0"
85,26,True,"","","",80,"2;80","0"
86,0,False,"body_mass_g",4575.00,"1;10",335,"0;145;1;67;2;123","9;0;1;4;2;3;1;0;1;2;0;1"
86,1,False,"island",1.50,"2;9",228,"0;143;1;66;2;19","4;0;1;2;1;0;1;2;0;1"
86,2,False,"island",0.50,"3;6",178,"1;66;0;93;2;19","4;0;1;2;1;0;1;2;0;1"
86,3,False,"bill_depth_mm",15.30,"4;5",60,"0;41;2;19","1;2;0;1"
86,4,True,"","","",19,"2;19","0"
86,5,True,"","","",41,"0;41","1;2;0;1"
86,6,False,"bill_length_mm",42.40,"7;8",118,"1;66;0;52","3;0;1;2;1;0;1"
86,7,True,"","","",52,"0;52","1;1;0;1"
86,8,True,"","","",66,"1;66","2;0;1;2"
86,9,True,"","","",50,"0;50","0"
86,10,False,"island",0.50,"11;12",107,"0;2;1;1;2;104","5;0;1;2;2;3"
86,11,True,"","","",104,"2;104","3;0;2;3"
86,12,False,"island",1.50,"13;14",3,"0;2;1;1","2;0;1;2"
86,13,True,"","","",1,"1;1","2;0;1;2"
86,14,True,"","","",2,"0;2","0"
87,0,False,"island",0.50,"1;4",333,"1;64;0;147;2;122","11;0;1;5;1;0;4;2;0;2"
87,1,False,"flipper_length_mm",203.50,"2;3",166,"2;122;0;44","2;2;0;2"
87,2,True,"","","",44,"0;44","2;2;0;2"
87,3,True,"","","",122,"2;122","0"
87,4,False,"bill_length_mm",44.85,"5;12",167,"1;64;0;103","9;0;1;5;1;0;4"
87,5,False,"bill_length_mm",42.85,"6;9",105,"0;103;1;2","7;0;1;3;1;0;4"
87,6,False,"bill_length_mm",40.85,"7;8",100,"0;100","4;1;0;4"
87,7,True,"","","",82,"0;82","0"
87,8,True,"","","",18,"0;18","4;1;0;4"
87,9,False,"bill_length_mm",43.80,"10;11",5,"0;3;1;2","3;0;1;3"
87,10,True,"","","",2,"1;2","3;0;1;3"
87,11,True,"","","",3,"0;3","0"
87,12,True,"","","",62,"1;62","2;0;1;2"
88,0,False,"island",0.50,"1;8",323,"1;65;0;136;2;122","21;1;0;3;0;1;15;2;1;2;0;2"
88,1,False,"body_mass_g",4150.00,"2;5",165,"2;122;0;43","3;0;2;1;2;0;2"
88,2,False,"sex",1.50,"3;4",39,"2;2;0;37","2;2;0;2"
88,3,True,"","","",37,"0;37","2;2;0;2"
88,4,True,"","","",2,"2;2","0"
88,5,False,"flipper_length_mm",199.00,"6;7",126,"2;120;0;6","1;0;2;1"
88,6,True,"","","",6,"0;6","0"
88,7,True,"","","",120,"2;120","1;0;2;1"
88,8,False,"flipper_length_mm",191.50,"9;14",158,"1;65;0;93","18;1;0;3;0;1;15"
88,9,False,"island",1.50,"10;13",77,"0;59;1;18","7;0;1;7"
88,10,False,"bill_length_mm",40.25,"11;12",48,"1;18;0;30","7;0;1;7"
88,11,True,"","","",30,"0;30","0"
88,12,True,"","","",18,"1;18","7;0;1;7"
88,13,True,"","","",29,"0;29","0"
88,14,False,"bill_depth_mm",17.95,"15;18",81,"1;47;0;34","11;1;0;3;0;1;8"
88,15,False,"flipper_length_mm",192.50,"16;17",12,"1;12","8;0;1;8"
88,16,True,"","","",2,"1;2","1;0;1;1"
88,17,True,"","","",10,"1;10","7;0;1;7"
88,18,False,"bill_length_mm",46.80,"19;20",69,"1;35;0;34","3;1;0;3"
88,19,True,"","","",34,"0;34","3;1;0;3"
88,20,True,"","","",35,"1;35","0"
89,0,False,"flipper_length_mm",207.50,"1;10",327,"0;150;1;56;2;121","17;0;1;2;2;1;2;0;1;1;0;12"
89,1,False,"flipper_length_mm",196.50,"2;7",201,"1;52;0;149","16;0;1;1;2;1;2;0;1;1;0;12"
89,2,False,"bill_length_mm",42.40,"3;4",155,"0;129;1;26","11;1;0;11"
89,3,True,"","","",122,"0;122","1;1;0;1"
89,4,False,"sex",0.50,"5;6",33,"0;7;1;26","10;1;0;10"
89,5,True,"","","",26,"1;26","0"
89,6,True,"","","",7,"0;7","10;1;0;10"
89,7,False,"bill_length_mm",45.00,"8;9",46,"1;26;0;20","5;0;1;1;2;1;2;0;1;1;0;1"
89,8,True,"","","",20,"0;20","2;1;0;1;2;0;1"
89,9,True,"","","",26,"1;26","3;0;1;1;2;1;2"
89,10,False,"bill_depth_mm",17.65,"11;12",126,"0;1;1;4;2;121","1;0;1;1"
89,11,True,"","","",121,"2;121","0"
89,12,False,"island",1.50,"13;14",5,"0;1;1;4","1;0;1;1"
89,13,True,"","","",4,"1;4","1;0;1;1"
89,14,True,"","","",1,"0;1","0"
90,0,False,"bill_depth_mm",16.40,"1;6",273,"0;126;2;123;1;24","71;0;1;23;2;3;1;0;44;2;0;1"
90,1,False,"bill_depth_mm",16.05,"2;3",118,"2;115;0;3","4;1;0;1;0;2;3"
90,2,True,"","","",104,"2;104","3;0;2;3"
90,3,False,"flipper_length_mm",200.00,"4;5",14,"2;11;0;3","1;1;0;1"
90,4,True,"","","",3,"0;3","1;1;0;1"
90,5,True,"","","",11,"2;11","0"
90,6,False,"island",1.50,"7;12",155,"0;123;2;8;1;24","67;0;1;23;1;0;43;2;0;1"
90,7,False,"body_mass_g",5025.00,"8;11",105,"2;8;1;24;0;73","67;0;1;23;1;0;43;2;0;1"
90,8,False,"bill_depth_mm",18.95,"9;10",97,"1;24;0;73","67;0;1;23;1;0;43;2;0;1"
90,9,True,"","","",73,"0;73","44;1;0;43;2;0;1"
90,10,True,"","","",24,"1;24","23;0;1;23"
90,11,True,"","","",8,"2;8","0"
90,12,True,"","","",50,"0;50","0"
91,0,False,"bill_length_mm",42.40,"1;4",326,"2;121;1;63;0;142","18;1;2;3;0;2;2;0;1;1;2;0;2;1;1;9"
91,1,False,"bill_depth_mm",15.45,"2;3",142,"0;139;2;3","1;1;0;1"
91,2,True,"","","",3,"2;3","0"
91,3,True,"","","",139,"0;139","1;1;0;1"
91,4,False,"flipper_length_mm",207.50,"5;10",184,"2;118;1;63;0;3","17;1;2;3;0;1;2;0;1;1;2;0;2;1;1;9"
91,5,False,"bill_depth_mm",20.50,"6;9",65,"0;2;2;1;1;62","13;1;0;1;0;2;1;1;9;2;1;2"
91,6,False,"sex",1.50,"7;8",63,"2;1;1;62","12;0;2;1;1;9;2;1;2"
91,7,True,"","","",62,"1;62","11;0;1;9;2;1;2"
91,8,True,"","","",1,"2;1","1;0;2;1"
91,9,True,"","","",2,"0;2","1;1;0;1"
91,10,False,"body_mass_g",4050.00,"11;14",119,"2;117;1;1;0;1","4;1;2;3;2;0;1"
91,11,False,"bill_length_mm",46.55,"12;13",2,"1;1;0;1","1;2;0;1"
91,12,True,"","","",1,"0;1","1;2;0;1"
91,13,True,"","","",1,"1;1","0"
91,14,False,"bill_length_mm",51.55,"15;16",117,"2;117","3;1;2;3"
91,15,True,"","","",109,"2;109","2;1;2;2"
91,16,True,"","","",8,"2;8","1;1;2;1"
92,0,False,"flipper_length_mm",207.50,"1;14",286,"1;18;0;147;2;121","58;0;1;5;2;1;2;0;1;1;0;50"
92,1,False,"flipper_length_mm",191.50,"2;7",159,"1;14;0;145","58;0;1;5;2;1;2;0;1;1;0;50"
92,2,False,"sex",0.50,"3;6",94,"0;94","18;1;0;18"
92,3,False,"island",0.50,"4;5",57,"0;57","16;1;0;16"
92,4,True,"","","",16,"0;16","0"
92,5,True,"","","",41,"0;41","16;1;0;16"
92,6,True,"","","",37,"0;37","2;1;0;2"
92,7,False,"flipper_length_mm",200.50,"8;11",65,"1;14;0;51","40;0;1;5;2;1;2;0;1;1;0;32"
92,8,False,"sex",1.50,"9;10",51,"0;51","33;2;0;1;1;0;32"
92,9,True,"","","",49,"0;49","32;1;0;32"
92,10,True,"","","",2,"0;2","1;2;0;1"
92,11,False,"body_mass_g",4375.00,"12;13",14,"1;14","7;0;1;5;2;1;2"
92,12,True,"","","",11,"1;11","4;0;1;4"
92,13,True,"","","",3,"1;3","3;0;1;1;2;1;2"
92,14,False,"island",0.50,"15;16",127,"1;4;0;2;2;121","0"
92,15,True,"","","",121,"2;121","0"
92,16,False,"bill_length_mm",48.05,"17;18",6,"1;4;0;2","0"
92,17,True,"","","",2,"0;2","0"
92,18,True,"","","",4,"1;4","0"
93,0,False,"body_mass_g",4562.50,"1;10",305,"2;123;0;117;1;65","39;0;2;1;1;34;1;2;1;0;2;2;1;1"
93,1,False,"bill_depth_mm",15.30,"2;3",194,"0;111;1;65;2;18","37;1;0;2;0;1;34;2;1;1"
93,2,True,"","","",18,"2;18","0"
93,3,False,"flipper_length_mm",193.50,"4;7",176,"0;111;1;65","37;1;0;2;0;1;34;2;1;1"
93,4,False,"bill_length_mm",42.40,"5;6",129,"1;24;0;105","2;0;1;1;1;0;1"
93,5,True,"","","",105,"0;105","1;1;0;1"
93,6,True,"","","",24,"1;24","1;0;1;1"
93,7,False,"bill_depth_mm",20.40,"8;9",47,"0;6;1;41","35;1;0;1;0;1;33;2;1;1"
93,8,True,"","","",41,"1;41","34;0;1;33;2;1;1"
93,9,True,"","","",6,"0;6","1;1;0;1"
93,10,False,"flipper_length_mm",201.50,"11;12",111,"2;105;0;6","2;0;2;1;1;2;1"
93,11,True,"","","",6,"0;6","0"
93,12,True,"","","",105,"2;105","2;0;2;1;1;2;1"
94,0,False,"body_mass_g",4362.50,"1;14",331,"2;122;1;64;0;145","13;1;2;2;0;2;2;1;1;0;1;0;2;6;1;1"
94,1,False,"bill_length_mm",42.35,"2;7",201,"0;131;1;60;2;10","10;1;0;2;2;1;0;2;6;1;1"
94,2,False,"flipper_length_mm",209.00,"3;6",131,"2;1;0;130","1;1;0;1"
94,3,False,"bill_length_mm",40.85,"4;5",130,"0;130","1;1;0;1"
94,4,True,"","","",109,"0;109","0"
94,5,True,"","","",21,"0;21","1;1;0;1"
94,6,True,"","","",1,"2;1","0"
94,7,False,"bill_length_mm",45.85,"8;11",70,"0;1;1;60;2;9","9;1;0;1;2;1;0;2;6;1;1"
94,8,False,"body_mass_g",3825.00,"9;10",20,"2;9;1;11","8;0;2;6;1;1;1;2;1"
94,9,True,"","","",11,"1;11","1;0;1;1"
94,10,True,"","","",9,"2;9","7;0;2;6;1;2;1"
94,11,False,"bill_depth_mm",20.75,"12;13",50,"0;1;1;49","1;1;0;1"
94,12,True,"","","",49,"1;49","0"
94,13,True,"","","",1,"0;1","1;1;0;1"
94,14,False,"flipper_length_mm",207.00,"15;18",130,"2;112;1;4;0;14","3;1;2;1;2;1;1;0;1"
94,15,False,"bill_length_mm",46.65,"16;17",18,"1;4;0;14","2;2;1;1;0;1"
94,16,True,"","","",14,"0;14","1;2;0;1"
94,17,True,"","","",4,"1;4","1;2;1;1"
94,18,True,"","","",112,"2;112","1;1;2;1"
95,0,False,"island",0.50,"1;6",326,"0;134;1;68;2;124","18;0;1;14;2;4"
95,1,False,"flipper_length_mm",196.50,"2;3",164,"2;124;0;40","4;0;2;4"
95,2,True,"","","",38,"0;38","0"
95,3,False,"body_mass_g",3900.00,"4;5",126,"2;124;0;2","4;0;2;4"
95,4,True,"","","",2,"0;2","0"
95,5,True,"","","",124,"2;124","4;0;2;4"
95,6,False,"bill_length_mm",42.40,"7;12",162,"0;94;1;68","14;0;1;14"
95,7,False,"bill_length_mm",40.85,"8;9",94,"0;93;1;1","5;0;1;5"
95,8,True,"","","",82,"0;82","0"
95,9,False,"flipper_length_mm",189.00,"10;11",12,"0;11;1;1","5;0;1;5"
95,10,True,"","","",1,"1;1","5;0;1;5"
95,11,True,"","","",11,"0;11","0"
95,12,False,"bill_depth_mm",21.10,"13;16",68,"0;1;1;67","9;0;1;9"
95,13,False,"sex",0.50,"14;15",67,"1;67","9;0;1;9"
95,14,True,"","","",33,"1;33","0"
95,15,True,"","","",34,"1;34","9;0;1;9"
95,16,True,"","","",1,"0;1","0"
96,0,False,"bill_length_mm",43.15,"1;12",328,"2;119;0;142;1;67","16;1;0;1;0;1;10;2;1;3;0;2"
96,1,False,"bill_length_mm",42.40,"2;7",148,"0;141;2;3;1;4","7;2;1;2;0;2;0;1;3"
96,2,False,"bill_length_mm",40.85,"3;4",137,"0;136;1;1","6;2;0;2;1;1;0;1;3"
96,3,True,"","","",115,"0;115","0"
96,4,False,"bill_length_mm",41.00,"5;6",22,"0;21;1;1","6;2;0;2;1;1;0;1;3"
96,5,True,"","","",1,"1;1","4;0;1;3;2;1;1"
96,6,True,"","","",21,"0;21","2;2;0;2"
96,7,False,"sex",0.50,"8;11",11,"0;5;2;3;1;3","1;2;1;1"
96,8,False,"body_mass_g",4025.00,"9;10",6,"2;3;1;3","1;2;1;1"
96,9,True,"","","",3,"1;3","1;2;1;1"
96,10,True,"","","",3,"2;3","0"
96,11,True,"","","",5,"0;5","0"
96,12,False,"bill_depth_mm",16.35,"13;14",180,"2;116;0;1;1;63","9;1;0;1;0;1;7;2;1;1"
96,13,True,"","","",107,"2;107","0"
96,14,False,"body_mass_g",4900.00,"15;18",73,"2;9;0;1;1;63","9;1;0;1;0;1;7;2;1;1"
96,15,False,"bill_depth_mm",20.75,"16;17",64,"0;1;1;63","9;1;0;1;0;1;7;2;1;1"
96,16,True,"","","",63,"1;63","8;0;1;7;2;1;1"
96,17,True,"","","",1,"0;1","1;1;0;1"
96,18,True,"","","",9,"2;9","0"
97,0,False,"body_mass_g",4562.50,"1;10",328,"1;65;2;123;0;140","16;0;1;2;2;10;1;2;2;0;1;2;0;1"
97,1,False,"bill_length_mm",42.35,"2;3",217,"1;64;2;18;0;135","14;0;2;9;1;1;1;2;2;0;1;2;0;1"
97,2,True,"","","",135,"0;135","2;1;0;1;2;0;1"
97,3,False,"bill_length_mm",46.30,"4;7",82,"1;64;2;18","12;0;2;9;1;1;1;2;2"
97,4,False,"body_mass_g",3800.00,"5;6",29,"2;15;1;14","12;0;2;9;1;1;1;2;2"
97,5,True,"","","",14,"1;14","1;0;1;1"
97,6,True,"","","",15,"2;15","11;0;2;9;1;2;2"
97,7,False,"bill_depth_mm",15.45,"8;9",53,"1;50;2;3","0"
97,8,True,"","","",3,"2;3","0"
97,9,True,"","","",50,"1;50","0"
97,10,False,"bill_length_mm",43.10,"11;14",111,"1;1;2;105;0;5","2;0;1;1;2;1"
97,11,False,"sex",0.50,"12;13",10,"0;5;2;5","0"
97,12,True,"","","",5,"2;5","0"
97,13,True,"","","",5,"0;5","0"
97,14,False,"bill_depth_mm",19.00,"15;16",101,"1;1;2;100","2;0;1;1;2;1"
97,15,True,"","","",100,"2;100","1;0;2;1"
97,16,True,"","","",1,"1;1","1;0;1;1"
98,0,False,"bill_depth_mm",16.35,"1;4",323,"1;66;0;143;2;114","21;0;1;9;2;1;10;1;0;2"
98,1,False,"bill_length_mm",39.70,"2;3",120,"2;114;0;6","0"
98,2,True,"","","",6,"0;6","0"
98,3,True,"","","",114,"2;114","0"
98,4,False,"flipper_length_mm",196.50,"5;10",203,"1;66;0;137","21;0;1;9;2;1;10;1;0;2"
98,5,False,"bill_length_mm",42.40,"6;7",152,"1;36;0;116","8;0;1;7;1;0;1"
98,6,True,"","","",116,"0;116","1;1;0;1"
98,7,False,"bill_length_mm",46.20,"8;9",36,"1;36","7;0;1;7"
98,8,True,"","","",14,"1;14","7;0;1;7"
98,9,True,"","","",22,"1;22","0"
98,10,False,"bill_length_mm",44.27,"11;14",51,"1;30;0;21","13;0;1;2;2;1;10;1;0;1"
98,11,False,"bill_length_mm",43.30,"12;13",21,"0;21","1;1;0;1"
98,12,True,"","","",20,"0;20","0"
98,13,True,"","","",1,"0;1","1;1;0;1"
98,14,False,"bill_depth_mm",17.75,"15;16",30,"1;30","12;0;1;2;2;1;10"
98,15,True,"","","",3,"1;3","11;0;1;1;2;1;10"
98,16,True,"","","",27,"1;27","1;0;1;1"
99,0,False,"island",0.50,"1;6",324,"1;62;0;140;2;122","20;0;1;5;2;7;1;0;6;2;0;2"
99,1,False,"body_mass_g",4150.00,"2;5",159,"2;122;0;37","9;0;2;7;2;0;2"
99,2,False,"sex",1.50,"3;4",39,"2;2;0;37","2;2;0;2"
99,3,True,"","","",37,"0;37","2;2;0;2"
99,4,True,"","","",2,"2;2","0"
99,5,True,"","","",120,"2;120","7;0;2;7"
99,6,False,"flipper_length_mm",196.50,"7;14",165,"1;62;0;103","11;0;1;5;1;0;6"
99,7,False,"bill_length_mm",44.30,"8;11",123,"0;91;1;32","5;1;0;5"
99,8,False,"flipper_length_mm",187.50,"9;10",90,"0;90","5;1;0;5"
99,9,True,"","","",35,"0;35","5;1;0;5"
99,10,True,"","","",55,"0;55","0"
99,11,False,"bill_depth_mm",20.45,"12;13",33,"0;1;1;32","0"
99,12,True,"","","",32,"1;32","0"
99,13,True,"","","",1,"0;1","0"
99,14,False,"body_mass_g",4225.00,"15;18",42,"1;30;0;12","6;0;1;5;1;0;1"
99,15,False,"island",1.50,"16;17",33,"0;8;1;25","3;0;1;3"
99,16,True,"","","",25,"1;25","3;0;1;3"
99,17,True,"","","",8,"0;8","0"
99,18,False,"bill_depth_mm",19.40,"19;20",9,"1;5;0;4","3;0;1;2;1;0;1"
99,19,True,"","","",4,"0;4","1;1;0;1"
99,20,True,"","","",5,"1;5","2;0;1;2"